,,,,,,,,,,,,,,,,,,,,,,,,,,,,,,,,,,,,,,,,,,,,,,,,,,,,,,,,,,,,,,,,,,,,,,,,,,,,,,,,,,,,,,,,,,,,,,,,,,,,,,,,,,,,,,,,,,,,,,,,,,,,,,,,,,,,,,,,,,,,,,,,,,,,,,,,,,,,,,,,,,,,,,,,,,,,,,,,,,,,,,,,,,,,,,,,,,,,,,,,,,,,,,,,,,,,,,,,,,,,,,,,,,,,,,,,,,,,,,,,,,,,,,,,,,,,,,,,,,,,,,,,,,,,,,,,,,,,,,,,,,,,,,,,,,,,,,,,,,,,,,,,,,,,,,,,,,,,,,,,,,,,,,,,,,,,,,,,,,,,,,,,,,,,,,,,,,,,,,,,,,,,,,,,,,,,,,,,,,,,,,,,,,,,,,,,,,,,,,,,,,,,,,,,,,,,,,,,,,,,,,,,,,,,,,,,,,,,,,,,,,,,,,,,,,,,,,,,,,,,,,,,,,,,,,,,,,,,,,,,,,,,,,,,,,,,,,,,,,,,,,,,,,,,,,,,,,,,,,,,,,,,,,,,,,,,,,,,,,,,,,,,,,,,,,,,,,,,,,,,,,,,,,,,,,
,일일 관리 ,,#REF!,재식밀도,2.78,,,,,,,,,,,,,,,,,,,,,,,,,,,,,,,,,,,,,,,,,,,,,,,,,,,,,,,,,,,,,,,,,,,,,,,,,,,,,,,,,,,,,,,,,,,,,,,,,,,,,,,,,,,,,,,,,,,,,,,,,,,,,,,,,,,,,,,,,,,,,,,,,,,,,,,,,,,,,,,,,,,,,,,,,,,,,,,,,,,,,,,,,,,,,,,,,,,,,,,,,,,,,,,,,,,,,,,,,,,,,,,,,,,,,,,,,,,,,,,,,,,,,,,,,,,,,,,,,,,,,,,,,,,,,,,,,,,,,,,,,,,,,,,,,,,,,,,,,,,,,,,,,,,,,,,,,,,,,,,,#REF!,,,,,,,,,,,,,,,,,,,,,,,,,,,,,#REF!,,,,,,,,,,,,,,,,김도윤 관리 시작,,,,,,,,,,,,,,,,,,,,,,,,,,,,,,,,,,,,,,,,,,,,,,,,,,,,,,,,,,,,,,,,,,,,,,,,,,,,,,,,,,,,,,,,,,,,,,,,,,,,,,,,,,,,,,,,,,,,,,,,,,,,,,,,,,,,,,,,,,,,,,,,,,,,,,,,,,,,,,,,,,,,,,,,,,,,,,,,,,,,,,,,,,,,,,,,,,,,,,,,
구 분,,,주차,WK 24,,,,,,,WK 25,,,,,,,WK 26,,,,,,,WK 27,,,,,,,WK 28,,,,,,,WK 29,,,,,,,WK 30,,,,,,,WK 31,,,,,,,WK 32,,,,,,,WK 33,,,,,,,WK 34,,,,,,,WK 35,,,,,,,WK 36,,,,,,,WK 37,,,,,,,WK 38,,,,,,,WK 39,,,,,,,WK 40,,,,,,,WK 41,,,,,,,WK 42,,,,,,,WK 43,,,,,,,WK 44,,,,,,,WK 45,,,,,,,WK 46,,,,,,,WK 47,,,,,,,WK 48,,,,,,,WK 49,,,,,,,WK 50,,,,,,,WK 51,,,,,,,WK 52,,,,,,,WK 1,,,,,,,WK 2,,,,,,,WK 3,,,,,,,WK 4,,,,,,,WK 5,,,,,,,WK 6,,,,,,,WK 7,,,,,,,WK 8,,,,,,,WK 9,,,,,,,WK 10,,,,,,,WK 11,,,,,,,WK 12,,,,,,,WK 13,,,,,,,WK 14,,,,,,,WK 15,,,,,,,WK 16,,,,,,,WK 17,,,,,,,WK 18,,,,,,,WK 19,,,,,,,WK 20,,,,,,,WK 21,,,,,,,WK 22,,,,,,,WK 23,,,,,,,WK 24,,,,,,,WK 25,,,,,,,WK 26,,,,,,,WK 27,,,,,,,WK 28,,,,,,,WK 29,,,,,,,WK 30,,,,,,,WK 31,,,,,,,WK 32,,,,,,,WK 33,,,,,,,WK 34,,,,,,,WK 35,,,,,,,WK 36,,,,,,,WK 37,,,,,,,WK 38,,,,,,,WK 39,,,,,,,WK 40,,,,,,,WK 41,,,,,,,WK 42,,,,,,,WK 43,,,,,,,WK 44,,,,,,,WK 45,,,,,,,WK 46,,,,,,,WK 47,,,,,,,,,,,,,,,,,,,,,,,,,,,,,,,,,,,,,,,,,
,,,날짜,2025-06-09,06-10,06-11,06-12,06-13,06-14,06-15,06-16,06-17,06-18,06-19,06-20,06-21,06-22,06-23,06-24,06-25,06-26,06-27,06-28,06-29,06-30,07-01,07-02,07-03,07-04,07-05,07-06,07-07,07-08,07-09,07-10,07-11,07-12,07-13,07-14,07-15,07-16,07-17,07-18,07-19,07-20,07-21,07-22,07-23,07-24,07-25,07-26,07-27,07-28,07-29,07-30,07-31,08-01,08-02,08-03,08-04,08-05,08-06,08-07,08-08,08-09,08-10,08-11,08-12,08-13,08-14,08-15,08-16,08-17,08-18,08-19,08-20,08-21,08-22,08-23,08-24,08-25,08-26,08-27,08-28,08-29,08-30,08-31,09-01,09-02,09-03,09-04,09-05,09-06,09-07,09-08,09-09,09-10,09-11,09-12,09-13,09-14,09-15,09-16,09-17,09-18,09-19,09-20,09-21,09-22,09-23,09-24,09-25,09-26,09-27,09-28,09-29,09-30,10-01,10-02,10-03,10-04,10-05,10-06,10-07,10-08,10-09,10-10,10-11,10-12,10-13,10-14,10-15,10-16,10-17,10-18,10-19,10-20,10-21,10-22,10-23,10-24,10-25,10-26,10-27,10-28,10-29,10-30,10-31,11-01,11-02,11-03,11-04,11-05,11-06,11-07,11-08,11-09,11-10,11-11,11-12,11-13,11-14,11-15,11-16,11-17,11-18,11-19,11-20,11-21,11-22,11-23,11-24,11-25,11-26,11-27,11-28,11-29,11-30,12-01,12-02,12-03,12-04,12-05,12-06,12-07,12-08,12-09,12-10,12-11,12-12,12-13,12-14,12-15,12-16,12-17,12-18,12-19,12-20,12-21,12-22,12-23,12-24,12-25,12-26,12-27,12-28,12-29,12-30,12-31,01-01,01-02,01-03,01-04,01-05,01-06,01-07,01-08,01-09,01-10,01-11,01-12,01-13,01-14,01-15,01-16,01-17,01-18,01-19,01-20,01-21,01-22,01-23,01-24,01-25,01-26,01-27,01-28,01-29,01-30,01-31,02-01,02-02,02-03,02-04,02-05,02-06,02-07,02-08,02-09,02-10,02-11,02-12,02-13,02-14,02-15,02-16,02-17,02-18,02-19,02-20,02-21,02-22,02-23,02-24,02-25,02-26,02-27,02-28,03-01,03-02,03-03,03-04,03-05,03-06,03-07,03-08,03-09,03-10,03-11,03-12,03-13,03-14,03-15,03-16,03-17,03-18,03-19,03-20,03-21,03-22,03-23,03-24,03-25,03-26,03-27,03-28,03-29,03-30,03-31,04-01,04-02,04-03,04-04,04-05,04-06,04-07,04-08,04-09,04-10,04-11,04-12,04-13,04-14,04-15,04-16,04-17,04-18,04-19,04-20,04-21,04-22,04-23,04-24,04-25,04-26,04-27,04-28,04-29,04-30,05-01,05-02,05-03,05-04,05-05,05-06,05-07,05-08,05-09,05-10,05-11,05-12,05-13,05-14,05-15,05-16,05-17,05-18,05-19,05-20,05-21,05-22,05-23,05-24,05-25,05-26,05-27,05-28,05-29,05-30,05-31,06-01,06-02,06-03,06-04,06-05,06-06,06-07,06-08,06-09,06-10,06-11,06-12,06-13,06-14,06-15,06-16,06-17,06-18,06-19,06-20,06-21,06-22,06-23,06-24,06-25,06-26,06-27,06-28,06-29,06-30,07-01,07-02,07-03,07-04,07-05,07-06,07-07,07-08,07-09,07-10,07-11,07-12,07-13,07-14,07-15,07-16,07-17,07-18,07-19,07-20,07-21,07-22,07-23,07-24,07-25,07-26,07-27,07-28,07-29,07-30,07-31,08-01,08-02,08-03,08-04,08-05,08-06,08-07,08-08,08-09,08-10,08-11,08-12,08-13,08-14,08-15,08-16,08-17,08-18,08-19,08-20,08-21,08-22,08-23,08-24,08-25,08-26,08-27,08-28,08-29,08-30,08-31,09-01,09-02,09-03,09-04,09-05,09-06,09-07,09-08,09-09,09-10,09-11,09-12,09-13,09-14,09-15,09-16,09-17,09-18,09-19,09-20,09-21,09-22,09-23,09-24,09-25,09-26,09-27,09-28,09-29,09-30,10-01,10-02,10-03,10-04,10-05,10-06,10-07,10-08,10-09,10-10,10-11,10-12,10-13,10-14,10-15,10-16,10-17,10-18,10-19,10-20,10-21,10-22,10-23,10-24,10-25,10-26,10-27,10-28,10-29,10-30,10-31,11-01,11-02,11-03,11-04,11-05,11-06,11-07,11-08,11-09,11-10,11-11,11-12,11-13,11-14,11-15,11-16,11-17,11-18,11-19,11-20,11-21,11-22,,,,,,,,,,,,,,,,,,,,,,,,,,,,,,,,,,,
,,,요일,Mon,Tue,Wed,Thu,Fri,Sat,Sun,Mon,Tue,Wed,Thu,Fri,Sat,Sun,Mon,Tue,Wed,Thu,Fri,Sat,Sun,Mon,Tue,Wed,Thu,Fri,Sat,Sun,Mon,Tue,Wed,Thu,Fri,Sat,Sun,Mon,Tue,Wed,Thu,Fri,Sat,Sun,Mon,Tue,Wed,Thu,Fri,Sat,Sun,Mon,Tue,Wed,Thu,Fri,Sat,Sun,Mon,Tue,Wed,Thu,Fri,Sat,Sun,Mon,Tue,Wed,Thu,Fri,Sat,Sun,Mon,Tue,Wed,Thu,Fri,Sat,Sun,Mon,Tue,Wed,Thu,Fri,Sat,Sun,Mon,Tue,Wed,Thu,Fri,Sat,Sun,Mon,Tue,Wed,Thu,Fri,Sat,Sun,Mon,Tue,Wed,Thu,Fri,Sat,Sun,Mon,Tue,Wed,Thu,Fri,Sat,Sun,Mon,Tue,Wed,Thu,Fri,Sat,Sun,Mon,Tue,Wed,Thu,Fri,Sat,Sun,Mon,Tue,Wed,Thu,Fri,Sat,Sun,Mon,Tue,Wed,Thu,Fri,Sat,Sun,Mon,Tue,Wed,Thu,Fri,Sat,Sun,Mon,Tue,Wed,Thu,Fri,Sat,Sun,Mon,Tue,Wed,Thu,Fri,Sat,Sun,Mon,Tue,Wed,Thu,Fri,Sat,Sun,Mon,Tue,Wed,Thu,Fri,Sat,Sun,Mon,Tue,Wed,Thu,Fri,Sat,Sun,Mon,Tue,Wed,Thu,Fri,Sat,Sun,Mon,Tue,Wed,Thu,Fri,Sat,Sun,Mon,Tue,Wed,Thu,Fri,Sat,Sun,Mon,Tue,Wed,Thu,Fri,Sat,Sun,Mon,Tue,Wed,Thu,Fri,Sat,Sun,Mon,Tue,Wed,Thu,Fri,Sat,Sun,Mon,Tue,Wed,Thu,Fri,Sat,Sun,Mon,Tue,Wed,Thu,Fri,Sat,Sun,Mon,Tue,Wed,Thu,Fri,Sat,Sun,Mon,Tue,Wed,Thu,Fri,Sat,Sun,Mon,Tue,Wed,Thu,Fri,Sat,Sun,Mon,Tue,Wed,Thu,Fri,Sat,Sun,Mon,Tue,Wed,Thu,Fri,Sat,Sun,Mon,Tue,Wed,Thu,Fri,Sat,Sun,Mon,Tue,Wed,Thu,Fri,Sat,Sun,Mon,Tue,Wed,Thu,Fri,Sat,Sun,Mon,Tue,Wed,Thu,Fri,Sat,Sun,Mon,Tue,Wed,Thu,Fri,Sat,Sun,Mon,Tue,Wed,Thu,Fri,Sat,Sun,Mon,Tue,Wed,Thu,Fri,Sat,Sun,Mon,Tue,Wed,Thu,Fri,Sat,Sun,Mon,Tue,Wed,Thu,Fri,Sat,Sun,Mon,Tue,Wed,Thu,Fri,Sat,Sun,Mon,Tue,Wed,Thu,Fri,Sat,Sun,Mon,Tue,Wed,Thu,Fri,Sat,Sun,Mon,Tue,Wed,Thu,Fri,Sat,Sun,Mon,Tue,Wed,Thu,Fri,Sat,Sun,Mon,Tue,Wed,Thu,Fri,Sat,Sun,Mon,Tue,Wed,Thu,Fri,Sat,Sun,Mon,Tue,Wed,Thu,Fri,Sat,Sun,Mon,Tue,Wed,Thu,Fri,Sat,Sun,Mon,Tue,Wed,Thu,Fri,Sat,Sun,Mon,Tue,Wed,Thu,Fri,Sat,Sun,Mon,Tue,Wed,Thu,Fri,Sat,Sun,Mon,Tue,Wed,Thu,Fri,Sat,Sun,Mon,Tue,Wed,Thu,Fri,Sat,Sun,Mon,Tue,Wed,Thu,Fri,Sat,Sun,Mon,Tue,Wed,Thu,Fri,Sat,Sun,Mon,Tue,Wed,Thu,Fri,Sat,Sun,Mon,Tue,Wed,Thu,Fri,Sat,Sun,Mon,Tue,Wed,Thu,Fri,Sat,Sun,Mon,Tue,Wed,Thu,Fri,Sat,Sun,Mon,Tue,Wed,Thu,Fri,Sat,Sun,Mon,Tue,Wed,Thu,Fri,Sat,Sun,Mon,Tue,Wed,Thu,Fri,Sat,Sun,Mon,Tue,Wed,Thu,Fri,Sat,Sun,Mon,Tue,Wed,Thu,Fri,Sat,Sun,Mon,Tue,Wed,Thu,Fri,Sat,Sun,Mon,Tue,Wed,Thu,Fri,Sat,Sun,Mon,Tue,Wed,Thu,Fri,Sat,Sun,,,,,,,,,,,,,,,,,,,,,,,,,,,,,,,,,,,
관수관리,일일 총 관수량,,mL/m2,,,,,,,,,,,,,,,,,,,,,,,,2500.00 ,240.00 ,542.45 ,0.00 ,707.55 ,660.00 ,2500.00 ,200.00 ,100.00 ,60.00 ,60.00 ,40.00 ,100.00 ,20.00 ,1260.00 ,1160.00 ,,,2500.00 ,1800.00 ,1900.00 ,1700.00 ,1340.00 ,740.00 ,970.00 ,970.00 ,1450.00 ,1600.00 ,1800.00 ,1630.00 ,1630.00 ,1200.00 ,1200.00 ,1200.00 ,820.00 ,920.00 ,1900.00 ,,,,1020.00 ,540.00 ,1350.00 ,980.00 ,1520.00 ,1400.00 ,1560.00 ,1240.00 ,1460.00 ,1500.00 ,1450.00 ,1400.00 ,,2350.00 ,1500.00 ,1900.00 ,880.00 ,1200.00 ,1500.00 ,1300.00 ,700.00 ,740.00 ,900.00 ,1300.00 ,1160.00 ,1200.00 ,1300.00 ,1260.00 ,,1000.00 ,1300.00 ,1800.00 ,1000.00 ,1200.00 ,1640.00 ,1300.00 ,1700.00 ,1700.00 ,900.00 ,1400.00 ,1000.00 ,1280.00 ,1500.00 ,1300.00 ,1200.00 ,1000.00 ,1400.00 ,1400.00 ,900.00 ,1220.00 ,1200.00 ,1420.00 ,850.00 ,1800.00 ,1000.00 ,,1900.00 ,800.00 ,850.00 ,860.00 ,1300.00 ,,2500.00 ,730.00 ,700.00 ,840.00 ,740.00 ,1000.00 ,,1280.00 ,1000.00 ,550.00 ,950.00 ,900.00 ,1510.00 ,,1200.00 ,800.00 ,900.00 ,900.00 ,800.00 ,600.00 ,,1500.00 ,900.00 ,,1020.00 ,1000.00 ,850.00 ,560.00 ,750.00 ,1200.00 ,900.00 ,600.00 ,600.00 ,1000.00 ,,1920.00 ,1000.00 ,980.00 ,900.00 ,900.00 ,800.00 ,,1200.00 ,800.00 ,850.00 ,900.00 ,500.00 ,600.00 ,690.00 ,690.00 ,650.00 ,530.00 ,640.00 ,640.00 ,810.00 ,650.00 ,900.00 ,690.00 ,900.00 ,770.00 ,610.00 ,640.00 ,640.00 ,640.00 ,550.00 ,730.00 ,780.00 ,820.00 ,460.00 ,460.00 ,460.00 ,740.00 ,450.00 ,460.00 ,600.00 ,760.00 ,1025.00 ,1025.00 ,1000.00 ,960.00 ,1120.00 ,840.00 ,1120.00 ,940.00 ,940.00 ,920.00 ,1360.00 ,1140.00 ,#REF!,#REF!,#REF!,#REF!,#REF!,#REF!,#REF!,#REF!,#REF!,#REF!,#REF!,#REF!,#REF!,#REF!,#REF!,#REF!,#REF!,#REF!,1220.00 ,1400.00 ,1400.00 ,1200.00 ,733.33 ,733.33 ,733.33 ,380.00 ,1000.00 ,1240.00 ,1500.00 ,1200.00 ,1150.00 ,1150.00 ,1520.00 ,600.00 ,1450.00 ,1500.00 ,1300.00 ,1180.00 ,,#REF!,#REF!,#REF!,#REF!,#REF!,#REF!,#REF!,#REF!,#REF!,#REF!,#REF!,#REF!,#REF!,#REF!,#REF!,#REF!,#REF!,#REF!,#REF!,#REF!,#REF!,1600.00 ,1700.00 ,1650.00 ,1300.00 ,1450.00 ,,2200.00 ,1710.00 ,1200.00 ,700.00 ,1350.00 ,1000.00 ,1600.00 ,1100.00 ,1600.00 ,1400.00 ,600.00 ,600.00 ,1600.00 ,1800.00 ,1200.00 ,1200.00 ,1000.00 ,1000.00 ,1200.00 ,1900.00 ,1100.00 ,1100.00 ,#REF!,#REF!,#REF!,#REF!,#REF!,#REF!,#REF!,#REF!,#REF!,#REF!,#REF!,#REF!,#REF!,#REF!,#REF!,#REF!,#REF!,#REF!,#REF!,#REF!,#REF!,#REF!,#REF!,#REF!,#REF!,#REF!,#REF!,#REF!,#REF!,#REF!,#REF!,#REF!,#REF!,#REF!,#REF!,#REF!,#REF!,#REF!,#REF!,#REF!,#REF!,#REF!,#REF!,#REF!,#REF!,#REF!,#REF!,#REF!,#REF!,#REF!,#REF!,#REF!,#REF!,#REF!,#REF!,#REF!,#REF!,#REF!,#REF!,#REF!,#REF!,#REF!,#REF!,#REF!,#REF!,#REF!,#REF!,#REF!,#REF!,#REF!,#REF!,#REF!,#REF!,#REF!,#REF!,#REF!,#REF!,#REF!,#REF!,#REF!,#REF!,#REF!,#REF!,#REF!,#REF!,#REF!,#REF!,#REF!,#REF!,#REF!,#REF!,#REF!,#REF!,#REF!,#REF!,#REF!,#REF!,#REF!,#REF!,#REF!,#REF!,#REF!,#REF!,#REF!,#REF!,#REF!,#REF!,#REF!,#REF!,#REF!,#REF!,#REF!,#REF!,#REF!,#REF!,#REF!,#REF!,#REF!,#REF!,#REF!,#REF!,#REF!,#REF!,#REF!,#REF!,#REF!,#REF!,#REF!,#REF!,#REF!,#REF!,#REF!,#REF!,#REF!,#REF!,#REF!,#REF!,#REF!,#REF!,#REF!,#REF!,#REF!,#REF!,#REF!,#REF!,#REF!,#REF!,#REF!,#REF!,#REF!,#REF!,#REF!,#REF!,#REF!,#REF!,#REF!,#REF!,#REF!,#REF!,#REF!,#REF!,#REF!,#REF!,#REF!,#REF!,#REF!,#REF!,#REF!,#REF!,#REF!,#REF!,#REF!,#REF!,#REF!,#REF!,#REF!,#REF!,#REF!,#REF!,#REF!,#REF!,#REF!,#REF!,#REF!,#REF!,#REF!,#REF!,#REF!,#REF!,#REF!,#REF!,#REF!,#REF!,#REF!,#REF!,#REF!,#REF!,#REF!,#REF!,#REF!,#REF!,#REF!,#REF!,#REF!,#REF!,#REF!,#REF!,#REF!,#REF!,#REF!,#REF!,#REF!,#REF!,#REF!,#REF!,#REF!,#REF!,#REF!,#REF!,#REF!,#REF!,#REF!,#REF!,#REF!,#REF!,#REF!,#REF!,#REF!,#REF!,#REF!,#REF!,#REF!,#REF!,#REF!,#REF!,#REF!,#REF!,#REF!,,,,,,,,,,,,,,,,,,,,,,,,,,,,
,일일 총 관수 횟수 ,,회 ,,,,,,,,,,,,,,,,,,,,,,10 ,0 ,0 ,,23 ,0 ,30 ,30 ,23 ,0 ,4 ,3 ,3 ,2 ,4 ,1 ,8 ,8 ,,,,29 ,30 ,,,,,,20 ,23 ,26 ,24 ,,23 ,15 ,17 ,13 ,13 ,24 ,,,,,,,,,22 ,24 ,10 ,22 ,23 ,22 ,,,,24 ,,22 ,19 ,,19 ,10 ,10 ,,,,18 ,19 ,,13 ,11 ,16 ,,,,21 ,16 ,23 ,22 ,11 ,,12 ,16 ,17 ,17 ,14 ,11 ,19 ,18 ,9 ,16 ,14 ,18 ,10 ,8 ,12 ,16 ,7 ,8 ,9 ,11 ,17 ,17 ,14 ,8 ,,10 ,9 ,12 ,7 ,7 ,12 ,6 ,11 ,11 ,8 ,9 ,6 ,10 ,9 ,9 ,9 ,7 ,9 ,9 ,9 ,9 ,11 ,11 ,10 ,6 ,9 ,11 ,11 ,6 ,7 ,11 ,11 ,10 ,10 ,10 ,10 ,10 ,10 ,10 ,10 ,9 ,9 ,9 ,4 ,6 ,7 ,7 ,7 ,6 ,6 ,6 ,8 ,9 ,8 ,8 ,8 ,,,7 ,6 ,8 ,9 ,8 ,8 ,9 ,5 ,6 ,5 ,9 ,5 ,5 ,8 ,,,,,,,,,,,,,,11 ,11 ,10 ,11 ,,11 ,11 ,10 ,12 ,12 ,12 ,7 ,11 ,12 ,13 ,12 ,10 ,11 ,,13 ,13 ,13 ,13 ,13 ,13 ,13 ,13 ,13 ,14 ,13 ,13 ,15 ,16 ,7 ,,,,,,,12 ,13 ,14 ,13 ,13 ,13 ,12 ,7 ,14 ,9 ,9 ,13 ,13 ,9 ,12 ,18 ,17 ,,19 ,20 ,19 ,19 ,19 ,15 ,15 ,18 ,13 ,15 ,16 ,9 ,,,29 ,13 ,24 ,,,23 ,23 ,23 ,22 ,14 ,14 ,13 ,24 ,24 ,15 ,23 ,23 ,25 ,25 ,25 ,25 ,25 ,23 ,20 ,10 ,19 ,,,,,,,,,,,,,,,,,,,,,,,,,,,,,,,,,,,,,,,,,,,,,,,,,,,,,,,,,,,,,,,,,,,,,,,,,,,,,,,,,,,,,,,,,,,,,,,,,,,,,,,,,,,,,,,,,,,,,,,,,,,,,,,,,,,,,,,,,,,,,,,,,,,,,,,,,,,,,,,,,,,,,,,,,,,,,,,,,,,,,,,,,,,,,,,,,,,,,,,,,,,,,,,,,,,,,,,,,,,,,,,,,,,,,,,,,,,,,,,,,,,,,,,,,,,,,,,,
,배액량 ,,mL/m2,,,,,,,,,,,,,,,,,,,,,30.00 ,90.00 ,0.00 ,40.00 ,0.00 ,45.13 ,0.00 ,58.87 ,200.00 ,180.00 ,500.00 ,0.00 ,0.00 ,0.00 ,0.00 ,0.00 ,0.00 , ,620.00 ,,,"1,120",1120.00 ,1120.00 ,1040.00 ,710.00 ,160.00 ,280.00 ,280.00 ,860.00 ,1020.00 ,1060.00 ,980.00 ,980.00 ,560.00 ,560.00 ,700.00 ,480.00 ,300.00 ,380.00 ,,,,320 ,240.00 ,790.00 ,680.00 ,760.00 ,540.00 ,720.00 ,460.00 ,690.00 ,760.00 ,750.00 ,800.00 ,,940.00 ,800.00 ,790.00 ,678.00 ,540.00 ,860.00 ,560.00 ,130.00 ,190.00 ,500.00 ,700.00 ,534.00 ,500.00 ,560.00 ,340.00 ,220.00 ,480.00 ,760.00 ,560.00 ,352.00 ,660.00 ,920.00 ,674.00 ,1100.00 ,944.00 ,396.00 ,460.00 ,440.00 ,530.00 ,590.00 ,440.00 ,500.00 ,544.00 ,494.00 ,400.00 ,10.00 ,20.00 ,120.00 ,300.00 ,100.00 ,360.00 ,96.00 ,,630.00 ,220.00 ,240.00 ,40.00 ,260.00 ,,370.00 ,76.00 ,300.00 ,136.00 ,20.00 ,84.00 ,,200.00 ,2.00 ,60.00 ,60.00 ,0.00 ,2.00 ,,20.00 ,0.00 ,20.00 ,4.00 ,0.00 ,0.00 ,,0.00 ,0.00 ,150.00 ,270.00 ,300.00 ,300.00 ,130.00 ,224.00 ,300.00 ,300.00 ,60.00 ,140.00 ,300.00 ,,524.00 ,320.00 ,276.00 ,164.00 ,130.00 ,200.00 ,,270.00 ,150.00 ,280.00 ,240.00 ,96.00 ,0.00 ,0.00 ,0.00 ,50.00 ,52.00 ,0.00 ,0.00 ,0.00 ,40.00 ,212.00 ,96.00 ,160.00 ,136.00 ,60.00 ,60.00 ,60.00 ,60.00 ,48.00 ,160.00 ,180.00 ,192.00 ,0.00 ,0.00 ,0.00 ,0.00 ,0.00 ,0.00 ,100.00 ,176.00 ,367.00 ,367.00 ,396.00 ,320.00 ,440.00 ,220.00 ,400.00 ,280.00 ,280.00 ,280.00 ,704.00 ,420.00 ,#REF!,#REF!,#REF!,#REF!,#REF!,#REF!,#REF!,#REF!,#REF!,#REF!,#REF!,#REF!,#REF!,#REF!,#REF!,#REF!,#REF!,#REF!,410.00 ,540.00 ,540.00 ,370.00 ,200.00 ,200.00 ,200.00 ,100.00 ,120.00 ,300.00 ,560.00 ,380.00 ,210.00 ,210.00 ,490.00 ,0.00 ,580.00 ,580.00 ,520.00 ,360.00 ,0.00 ,#REF!,#REF!,#REF!,#REF!,#REF!,#REF!,#REF!,#REF!,#REF!,#REF!,#REF!,#REF!,#REF!,#REF!,#REF!,40.00 ,#REF!,#REF!,#REF!,#REF!,#REF!,#REF!,800.00 ,720.00 ,580.00 ,740.00 ,,700.00 ,1200.00 ,320.00 ,180.00 ,600.00 ,240.00 ,560.00 ,220.00 ,560.00 ,500.00 ,140.00 ,140.00 ,740.00 ,700.00 ,590.00 ,590.00 ,360.00 ,500.00 ,600.00 ,1100.00 ,550.00 ,550.00 ,#REF!,#REF!,#REF!,#REF!,#REF!,#REF!,#REF!,#REF!,#REF!,#REF!,#REF!,#REF!,#REF!,#REF!,#REF!,#REF!,#REF!,#REF!,#REF!,#REF!,#REF!,#REF!,#REF!,#REF!,#REF!,#REF!,#REF!,#REF!,#REF!,#REF!,#REF!,#REF!,#REF!,#REF!,#REF!,#REF!,#REF!,#REF!,#REF!,#REF!,#REF!,#REF!,#REF!,#REF!,#REF!,#REF!,#REF!,#REF!,#REF!,#REF!,#REF!,#REF!,#REF!,#REF!,#REF!,#REF!,#REF!,#REF!,#REF!,#REF!,#REF!,#REF!,#REF!,#REF!,#REF!,#REF!,#REF!,#REF!,#REF!,#REF!,#REF!,#REF!,#REF!,#REF!,#REF!,#REF!,#REF!,#REF!,#REF!,#REF!,#REF!,#REF!,#REF!,#REF!,#REF!,#REF!,#REF!,#REF!,#REF!,#REF!,#REF!,#REF!,#REF!,#REF!,#REF!,#REF!,#REF!,#REF!,#REF!,#REF!,#REF!,#REF!,#REF!,#REF!,#REF!,#REF!,#REF!,#REF!,#REF!,#REF!,#REF!,#REF!,#REF!,#REF!,#REF!,#REF!,#REF!,#REF!,#REF!,#REF!,#REF!,#REF!,#REF!,#REF!,#REF!,#REF!,#REF!,#REF!,#REF!,#REF!,#REF!,#REF!,#REF!,#REF!,#REF!,#REF!,#REF!,#REF!,#REF!,#REF!,#REF!,#REF!,#REF!,#REF!,#REF!,#REF!,#REF!,#REF!,#REF!,#REF!,#REF!,#REF!,#REF!,#REF!,#REF!,#REF!,#REF!,#REF!,#REF!,#REF!,#REF!,#REF!,#REF!,#REF!,#REF!,#REF!,#REF!,#REF!,#REF!,#REF!,#REF!,#REF!,#REF!,#REF!,#REF!,#REF!,#REF!,#REF!,#REF!,#REF!,#REF!,#REF!,#REF!,#REF!,#REF!,#REF!,#REF!,#REF!,#REF!,#REF!,#REF!,#REF!,#REF!,#REF!,#REF!,#REF!,#REF!,#REF!,#REF!,#REF!,#REF!,#REF!,#REF!,#REF!,#REF!,#REF!,#REF!,#REF!,#REF!,#REF!,#REF!,#REF!,#REF!,#REF!,#REF!,#REF!,#REF!,#REF!,#REF!,#REF!,#REF!,#REF!,#REF!,#REF!,#REF!,#REF!,#REF!,#REF!,#REF!,#REF!,#REF!,#REF!,#REF!,#REF!,#REF!,#REF!,#REF!,#REF!,#REF!,#REF!,#REF!,#REF!,#REF!,#REF!,#REF!,#REF!,#REF!,#REF!,#REF!,#REF!,#REF!,#REF!,#REF!,#REF!,#REF!,#REF!,#REF!,#REF!,#REF!,#REF!,#REF!,#REF!,#REF!,#REF!,#REF!,#REF!
,배액률,,%, , , , , , , , , , , , , , , , , , , , , , , ,1.60%,0.00%,9.00%, ,8.32%,30.30%,7.20%,250.00%,0.00%,0.00%,0.00%,0.00%,0.00%,0.00%, ,53.45%, , ,44.80%,62.22%,58.95%,61.18%,52.99%,21.62%,28.87%,28.87%,59.31%,63.75%,58.89%,60.12%,60.12%,46.67%,46.67%,58.33%,58.54%,32.61%,20.00%, , , ,31.37%,44.44%,58.52%,69.39%,50.00%,38.57%,46.15%,37.10%,47.26%,50.67%,51.72%,57.14%, ,40.00%,53.33%,41.58%,77.05%,45.00%,57.33%,43.08%,18.57%,25.68%,55.56%,53.85%,46.03%,41.67%,43.08%,26.98%, ,48.00%,58.46%,31.11%,35.20%,55.00%,56.10%,51.85%,64.71%,55.53%,44.00%,32.86%,44.00%,41.41%,39.33%,33.85%,41.67%,54.40%,35.29%,28.57%,1.11%,1.64%,10.00%,21.13%,11.76%,20.00%,9.60%, ,33.16%,27.50%,28.24%,4.65%,20.00%, ,14.80%,10.41%,42.86%,16.19%,2.70%,8.40%, ,15.63%,0.20%,10.91%,6.32%,0.00%,0.13%, ,1.67%,0.00%,2.22%,0.44%,0.00%,0.00%, ,0.00%,0.00%, ,26.47%,30.00%,35.29%,23.21%,29.87%,25.00%,33.33%,10.00%,23.33%,30.00%, ,27.29%,32.00%,28.16%,18.22%,14.44%,25.00%, ,22.50%,18.75%,32.94%,26.67%,19.20%,0.00%,0.00%,0.00%,7.69%,9.81%,0.00%,0.00%,0.00%,6.15%,23.56%,13.91%,17.78%,17.66%,9.84%,9.38%,9.38%,9.38%,8.73%,21.92%,23.08%,23.41%,0.00%,0.00%,0.00%,0.00%,0.00%,0.00%,16.67%,23.16%,35.80%,35.80%,39.60%,33.33%,39.29%,26.19%,35.71%,29.79%,29.79%,30.43%,51.76%,36.84%, , , , , , , , , , , , , , , , , , ,33.61%,38.57%,38.57%,30.83%,27.27%,27.27%,27.27%,26.32%,12.00%,24.19%,37.33%,31.67%,18.26%,18.26%,32.24%,0.00%,40.00%,38.67%,40.00%,30.51%, , , , , , , , , , , , , , , , , , , , , , , ,47.06%,43.64%,44.62%,51.03%, ,31.82%,70.18%,26.67%,25.71%,44.44%,24.00%,35.00%,20.00%,35.00%,35.71%,23.33%,23.33%,46.25%,38.89%,49.17%,49.17%,36.00%,50.00%,50.00%,57.89%,50.00%,50.00%, , , , , , , , , , , , , , , , , , , , , , , , , , , , , , , , , , , , , , , , , , , , , , , , , , , , , , , , , , , , , , , , , , , , , , , , , , , , , , , , , , , , ,, , , , , , , , , , , , , , , , , , , , , , , , , , , , , , , , , , , , , , , , , , , , , , , , , , , , , , , , , , , , , , , , , , , , , , , , , , , , , , , , , , , , , , , , , , , , , , , , , , , , , , , , , , , , , , , , , , , , , , , , , , , , , , , , , , , , , , , , , , , , , , , , , , ,,,,,,,,,,,,,,,,,,,,,,,,,,,,,,,,,,,
,J당 관수량,,ml/J, , , , , , , , , , , , , , , , , , , , , , , , , , , , , , , , , , , , , , , , , , , , , , , , , , , , , , , , , , , , , , , , , , , , , , , , , , , , , , , , , , , , , , , , , , , , , , , , , , , , , , , , , , , , , , , , , , , , , , , , , , , , , , , , , , , , , , , , , , , , , , , , , , , , , , , , , , , , , , , , , , , , , , , , , , , , , , , , , , , , , , , , , , , , , , , , , , , , , , , , , , , , , , , , , , , , , , , , , , , , , , , , , , , , , , , ,3.84 ,2.76 ,3.00 ,2.57 ,2.22 ,1.40 ,1.45 ,0.84 ,1.78 ,2.28 ,3.29 ,2.65 ,2.18 ,1.96 ,2.62 ,4.23 ,2.98 ,2.62 ,2.45 ,2.63 ,0.00 , , , , , , , , , , , , , , , , , , , , , , , , , , , , ,3.29 ,1.72 ,9.54 ,1.74 ,1.28 ,2.04 ,2.97 ,1.99 ,2.10 ,1.87 ,0.79 ,2.27 ,2.17 ,1.78 ,3.72 ,3.64 ,5.24 ,1.36 ,2.59 ,2.86 ,1.35 , , , , , , , , , , , , , , , , , , , , , , , , , , , , , , , , , , , , , , , , , , , , , , , , , , , , , , , , , , , , , , , , , , , , , , , , , , , , , , , , , , , , , , , , , , , , , , , , , , , , , , , , , , , , , , , , , , , , , , , , , , , , , , , , , , , , , , , , , , , , , , , , , , , , , , , , , , , , , , , , , , , , , , , , , , , , , , , , , , , , , , , , , , , , , , , , , , , , , , , , , , , , , , , , , , , , , , , , , , , , , , , , , , , , , , , ,,,,,,,,,,,,,,,,,,,,,,,,,,,,,,,,,,,
,J당 흡수량,,ml/J, , , , , , , , , , , , , , , , , , , , , , , , , , , , , , , , , , , , , , , , , , , , , , , , , , , , , , , , , , , , , , , , , , , , , , , , , , , , , , , , , , , , , , , , , , , , , , , , , , , , , , , , , , , , , , , , , , , , , , , , , , , , , , , , , , , , , , , , , , , , , , , , , , , , , , , , , , , , , , , , , , , , , , , , , , , , , , , , , , , , , , , , , , , , , , , , , , , , , , , , , , , , , , , , , , , , , , , , , , , , , , , , , , , , , , , ,2.55 ,1.69 ,1.84 ,1.78 ,1.61 ,1.02 ,1.05 ,0.62 ,1.57 ,1.72 ,2.06 ,1.81 ,1.78 ,1.60 ,1.78 ,4.23 ,1.79 ,1.61 ,1.47 ,1.83 ,0.00 , , , , , , , , , , , , , , , , , , , , , , , , , , , , ,0.98 ,1.26 ,7.09 ,0.96 ,0.97 ,1.32 ,2.37 ,1.30 ,1.35 ,1.43 ,0.60 ,1.22 ,1.32 ,0.90 ,1.89 ,2.33 ,2.62 ,0.68 ,1.09 ,1.43 ,0.68 , , , , , , , , , , , , , , , , , , , , , , , , , , , , , , , , , , , , , , , , , , , , , , , , , , , , , , , , , , , , , , , , , , , , , , , , , , , , , , , , , , , , , , , , , , , , , , , , , , , , , , , , , , , , , , , , , , , , , , , , , , , , , , , , , , , , , , , , , , , , , , , , , , , , , , , , , , , , , , , , , , , , , , , , , , , , , , , , , , , , , , , , , , , , , , , , , , , , , , , , , , , , , , , , , , , , , , , , , , , , , , , , , , , , , , , ,,,,,,,,,,,,,,,,,,,,,,,,,,,,,,,,,,,
,Cal J당 관수량,,ml/J, , , , , , , , , , , , , , , , , , , , , , , , , , , , , , , , , , , , , , , , , , , , , , , , , , , , , , , , , , , , , , , , , , , , , , , , , , , , , , , , , , , , , , , , , , , , , , , , , , , , , , , , , , , , , , , , , , , , , , , , , , , , , , , , , , , , , , , , , , , , , , , , , , , , , , , , , , , , , , , , , , , , , , , , , , , , , , , , , , , , , , , , , , , , , , , , , , , , , , , , , , , , , , , , , , , , , , , , , , , , , , , , , , , , , , , ,18.43 ,12.89 ,13.90 ,11.91 ,9.94 ,6.37 ,6.58 ,3.72 ,7.97 ,10.08 ,14.48 ,11.54 ,9.38 ,8.83 ,11.27 ,18.13 ,12.25 ,10.89 ,10.12 ,10.55 ,0.00 , , , , , , , , , , , , , , , , , , , , , , , , , , , , ,10.88 ,5.66 ,36.72 ,5.69 ,4.31 ,6.60 ,9.56 ,6.34 ,6.25 ,8.97 ,2.37 ,6.51 ,6.63 ,5.10 ,9.99 ,9.46 ,16.35 ,4.68 ,8.70 ,11.00 ,4.55 , , , , , , , , , , , , , , , , , , , , , , , , , , , , , , , , , , , , , , , , , , , , , , , , , , , , , , , , , , , , , , , , , , , , , , , , , , , , , , , , , , , , ,, , , , , , ,, , , , , , ,, , , , , , ,,,, , , , ,,,, , , , ,,,, , , , ,,,, , , , ,,,, , , , ,,,, , , , ,,,, , , , ,,,, , , , ,,,, , , , ,,,, , , , ,,,, , , , ,,,, , , , ,,,, , , , ,,,, , , , ,,,, , , , ,,,, , , , ,,,, , , , ,,,, , , , ,,,,,,,,,,,,,,,,,,,,,,,,,,,,,,,,,,,
,Cal J당 흡수량,,ml/J, , , , , , , , , , , , , , , , , , , , , , , , , , , , , , , , , , , , , , , , , , , , , , , , , , , , , , , , , , , , , , , , , , , , , , , , , , , , , , , , , , , , , , , , , , , , , , , , , , , , , , , , , , , , , , , , , , , , , , , , , , , , , , , , , , , , , , , , , , , , , , , , , , , , , , , , , , , , , , , , , , , , , , , , , , , , , , , , , , , , , , , , , , , , , , , , , , , , , , , , , , , , , , , , , , , , , , , , , , , , , , , , , , , , , , , ,12.24 ,7.92 ,8.54 ,8.24 ,7.23 ,4.63 ,4.78 ,2.74 ,7.01 ,7.64 ,9.07 ,7.89 ,7.66 ,7.22 ,7.64 ,18.13 ,7.35 ,6.68 ,6.07 ,7.33 ,0.00 , , , , , , , , , , , , , , , , , , , , , , , , , , , , ,3.24 ,4.15 ,27.28 ,3.16 ,3.28 ,4.29 ,7.65 ,4.12 ,4.02 ,6.88 ,1.82 ,3.50 ,4.05 ,2.59 ,5.08 ,6.05 ,8.18 ,2.34 ,3.66 ,5.50 ,2.28 , , , , , , , , , , , , , , , , , , , , , , , , , , , , , , , , , , , , , , , , , , , , , , , , , , , , , , , , , , , , , , , , , , , , , , , , , , , , , , , , , , , , ,, , , , , , ,, , , , , , ,, , , , , , ,, , , , , , ,, , , , , , ,, , , , , , ,, , , , , , ,, , , , , , ,, , , , , , ,, , , , , , ,, , , , , , ,, , , , , , ,, , , , , , ,, , , , , , ,, , , , , , ,, , , , , , ,, , , , , , ,, , , , , , ,, , , , , , ,, , , , , , ,, , , , , , ,,,,,,,,,,,,,,,,,,,,,,,,,,,,,,,,,,,
,첫 관수전 함수량 ,,%,,,,,,,,,,,,,,,,,,,,,,,,,,,,,,,,92.20%,86.00%,75.30%,62.40%,51.70%,40.30%,25.50%,53.10%,59.40%,60.50%,59.50%,56.70%,57.40%,57.30%,57.50%,55.10%,54.20%,53.50%,55.30%,56.00%,55.50%,56.30%,54.80%,54.40%,54.50%,56.50%,56.80%,54.70%,55.90%,55.90%,,,55.30%,57.00%,57.20%,56.10%,55.00%,52.80%,53.80%,54.20%,54.00%,53.40%,54.80%,54.40%,54.60%,53.50%,53.60%,,,46.10%,51.20%,50.40%,50.10%,50.40%,53.60%,51.10%,51.50%,51.20%,50.50%,50.90%,52.40%,53.00%,54.20%,53.50%,53.50%,54.60%,54.40%,53.70%,54.00%,53.50%,53.30%,54.50%,53.80%,54.70%,53.60%,54.00%,54.90%,54.90%,54.90%,53.10%,50.90%,51.90%,53.40%,53.90%,54.10%,55.60%,57.50%,53.50%,54.40%,55.60%,57.00%,54.10%,52.60%,53.70%,53.30%,53.80%,64.60%,53.10%,54.20%,53.50%,54.40%,55.80%,53.40%,53.70%,54.20%,54.20%,52.70%,53.20%,52.00%,49.10%,51.10%,51.00%,52.50%,54.90%,53.60%,53.70%,53.30%,55.10%,46.50%,62.80%,62.80%,61.60%,63.80%,62.90%,62.80%,60.50%,62.10%,63.00%,62.00%,61.70%,61.10%,60.00%,58.10%,58.40%,60.50%,59.20%,59.90%,61.00%,63.40%,63.30%,62.50%,58.10%,53.20%,54.90%,56.10%,57.90%,55.00%,54.30%,53.60%,58.00%,63.40%,63.70%,63.20%,63.00%,62.60%,63.50%,64.90%,64.80%,65.30%,63.90%,62.80%,61.40%,60.40%,59.50%,59.70%,58.70%,62.90%,62.40%,65.20%,64.60%,63.00%,60.10%,57.00%,54.50%,54.60%,52.30%,52.10%,52.50%,53.20%,54.30%,55.20%,52.00%,50.30%,50.30%,50.00%,50.90%,50.10%,49.70%,48.80%,50.20%,51.20%,50.30%,50.40%,50.70%,48.70%,50.10%,49.00%,51.70%,49.70%,50.60%,49.30%,50.20%,49.80%,49.00%,48.90%,49.90%,50.50%,48.90%,49.70%,49.10%,49.90%,51.80%,49.80%,51.60%,50.00%,46.80%,50.60%,49.90%,51.00%,50.80%,52.10%,50.70%,51.00%,48.00%,49.20%,50.20%,49.80%,50.60%,49.40%,49.10%,52.00%,52.00%,52.40%,52.90%,51.40%,51.80%,54.00%,53.10%,53.30%,52.50%,50.60%,50.20%,50.26%,50.40%,48.60%,48.90%,49.50%,50.30%,47.80%,49.80%,49.60%,49.90%,52.80%,49.60%,42.70%,51.80%,52.10%,52.60%,51.80%,51.90%,52.30%,53.10%,53.40%,54.00%,53.80%,54.80%,55.00%,53.70%,54.50%,54.80%,53.70%,55.50%,53.90%,53.50%,55.40%,53.80%,53.80%,54.20%,51.10%,,,,,,,,,,,,,,,,,,,,,,,,,,,,,,,,,,,,,,,,,,,,,,,,,,,,,,,,,,,,,,,,,,,,,,,,,,,,,,,,,,,,,,,,,,,,,,,,,,,,,,,,,,,,,,,,,,,,,,,,,,,,,,,,,,,,,,,,,,,,,,,,,,,,,,,,,,,,,,,,,,,,,,,,,,,,,,,,,,,,,,,,,,,,,,,,,,,,,,,,,,,,,,,,,,,,,,,,,,,,,,,,,,,,,,,,,,,,,,,,,,,,,,,,,,,,,,,,,
,한낮 함수량 ,,%,,,,,,,,,,,,,,,,,,,,,,,,,,,,,,,,91.30%,82.00%,71.60%,57.90%,47.10%,33.90%,59.50%,64.00%,63.80%,62.90%,63.20%,63.10%,63.40%,63.50%,64.30%,60.90%,60.90%,61.30%,61.20%,62.00%,61.80%,62.00%,60.90%,60.50%,60.70%,60.80%,60.80%,61.70%,61.30%,,,61.70%,61.60%,61.90%,61.50%,61.70%,62.00%,62.10%,61.90%,62.10%,62.10%,62.00%,61.70%,61.70%,61.30%,61.30%,61.20%,,,55.50%,56.10%,56.10%,56.20%,56.30%,57.60%,57.20%,57.60%,57.50%,57.50%,56.90%,57.80%,58.00%,58.10%,57.70%,58.70%,59.40%,58.60%,58.80%,58.60%,58.20%,58.10%,58.90%,59.00%,58.90%,58.10%,59.50%,60.00%,58.60%,59.30%,59.80%,58.30%,60.10%,59.30%,61.90%,60.20%,60.20%,59.00%,59.60%,60.90%,59.80%,57.90%,59.10%,60.70%,63.00%,61.10%,60.80%,67.40%,57.20%,57.70%,57.90%,58.70%,58.40%,59.40%,59.30%,59.60%,59.10%,59.00%,59.30%,57.50%,56.60%,58.40%,58.20%,59.70%,60.10%,59.50%,60.10%,60.30%,59.30%,54.80%,70.10%,70.00%,69.70%,70.70%,70.20%,70.40%,68.80%,70.30%,71.40%,70.60%,70.30%,69.90%,69.30%,69.30%,69.80%,69.80%,69.90%,70.70%,70.50%,71.00%,71.60%,71.00%,67.10%,68.20%,67.50%,69.40%,69.80%,69.90%,68.00%,68.90%,71.20%,74.20%,71.00%,74.10%,73.40%,73.50%,73.60%,74.30%,75.40%,75.10%,72.70%,70.90%,70.90%,65.70%,66.10%,66.40%,70.40%,69.20%,70.10%,73.00%,74.00%,72.00%,68.00%,65.30%,64.30%,64.90%,64.30%,63.20%,63.10%,63.40%,62.30%,62.70%,60.90%,62.00%,61.60%,61.50%,60.40%,61.10%,60.90%,61.30%,61.20%,61.10%,61.00%,60.60%,58.20%,61.70%,60.70%,60.90%,61.00%,61.70%,61.50%,60.20%,60.20%,59.50%,59.80%,60.10%,60.60%,60.40%,60.80%,60.30%,59.90%,60.70%,60.60%,60.60%,59.80%,59.60%,54.70%,59.70%,59.90%,60.70%,60.90%,61.30%,60.40%,60.30%,59.60%,60.10%,60.40%,60.50%,60.00%,59.80%,57.20%,62.00%,61.40%,60.80%,61.40%,61.20%,62.00%,62.40%,61.80%,61.60%,61.20%,61.20%,60.40%,60.60%,60.10%,59.80%,59.90%,59.90%,60.10%,61.50%,60.10%,60.50%,60.80%,59.80%,61.70%,57.60%,59.60%,59.50%,59.40%,59.20%,58.80%,59.60%,59.90%,59.70%,59.90%,60.30%,59.20%,58.50%,58.30%,58.70%,58.40%,58.80%,58.50%,58.50%,59.00%,58.60%,58.60%,58.70%,58.80%,58.70%,,,,,,,,,,,,,,,,,,,,,,,,,,,,,,,,,,,,,,,,,,,,,,,,,,,,,,,,,,,,,,,,,,,,,,,,,,,,,,,,,,,,,,,,,,,,,,,,,,,,,,,,,,,,,,,,,,,,,,,,,,,,,,,,,,,,,,,,,,,,,,,,,,,,,,,,,,,,,,,,,,,,,,,,,,,,,,,,,,,,,,,,,,,,,,,,,,,,,,,,,,,,,,,,,,,,,,,,,,,,,,,,,,,,,,,,,,,,,,,,,,,,,,,,,,,,,,,,,
,델타 WC,,%, , , , , , , , , , , , , , , , , , , , , , , , , , , , , , , ,-92.20%,5.30%,6.70%,9.20%,6.20%,6.80%,8.40%,6.40%,4.60%,3.30%,3.40%,6.50%,5.70%,6.10%,6.00%,9.20%,6.70%,7.40%,6.00%,5.20%,6.50%,5.50%,7.20%,6.50%,6.00%,4.20%,4.00%,6.10%,5.80%,5.40%, , ,6.40%,4.60%,4.70%,5.40%,6.70%,9.20%,8.30%,7.70%,8.10%,8.70%,7.20%,7.30%,7.10%,7.80%,7.70%,61.20%, ,-46.10%,4.30%,5.70%,6.00%,5.80%,2.70%,6.50%,5.70%,6.40%,7.00%,6.60%,4.50%,4.80%,3.80%,4.60%,4.20%,4.10%,5.00%,4.90%,4.80%,5.10%,4.90%,3.60%,5.10%,4.30%,5.30%,4.10%,4.60%,5.10%,3.70%,6.20%,8.90%,6.40%,6.70%,5.40%,7.80%,4.60%,2.70%,5.50%,5.20%,5.30%,2.80%,3.80%,6.50%,7.00%,9.70%,7.30%,-3.80%,14.30%,3.00%,4.20%,3.50%,2.90%,5.00%,5.70%,5.10%,5.40%,6.40%,5.80%,7.30%,8.40%,5.50%,7.40%,5.70%,4.80%,6.50%,5.80%,6.80%,5.20%,12.80%,-8.00%,7.30%,8.40%,5.90%,7.80%,7.40%,9.90%,6.70%,7.30%,9.40%,8.90%,9.20%,9.90%,11.20%,10.90%,9.30%,10.60%,10.00%,9.70%,7.10%,7.70%,9.10%,12.90%,13.90%,13.30%,11.40%,11.50%,14.80%,15.60%,14.40%,10.90%,7.80%,10.50%,7.80%,11.10%,10.80%,10.00%,8.70%,9.50%,10.10%,11.20%,9.90%,9.50%,10.50%,6.20%,6.40%,7.70%,7.50%,6.80%,4.90%,8.40%,11.00%,11.90%,11.00%,10.80%,9.70%,12.60%,12.20%,10.70%,9.90%,9.10%,7.10%,10.70%,10.60%,11.70%,11.60%,10.60%,10.30%,11.40%,12.10%,11.10%,10.00%,10.80%,10.60%,9.90%,9.50%,11.60%,11.70%,9.20%,11.30%,11.10%,12.20%,10.00%,10.40%,10.50%,10.90%,10.20%,10.10%,11.50%,11.10%,11.20%,10.00%,8.90%,10.80%,9.00%,9.80%,12.80%,4.10%,9.80%,8.90%,9.90%,8.80%,10.60%,9.40%,12.30%,10.40%,9.90%,10.60%,9.90%,10.60%,10.70%,5.20%,10.00%,9.00%,7.90%,10.00%,9.40%,8.00%,9.30%,8.50%,9.10%,10.60%,11.00%,10.14%,10.20%,11.50%,10.90%,10.40%,9.60%,12.30%,11.70%,10.50%,10.60%,8.00%,10.20%,19.00%,5.80%,7.50%,6.90%,7.60%,7.30%,6.50%,6.50%,6.50%,5.70%,6.10%,5.50%,4.20%,4.80%,3.80%,3.90%,4.70%,3.30%,4.60%,5.00%,3.60%,4.80%,4.80%,4.50%,7.70%,58.70%, , , , , , , , , , , , , , , , , , , , , , , , , , , , , , , , , , , , , , , , , , , , , , , , , , , , , , , , , , , , ,, , , , , , ,, , , , , , ,, , , , , , ,, , , , , , ,, , , , , , ,, , , , , , ,, , , , , , ,, , , , , , ,, , , , , , ,, , , , , , ,, , , , , , ,, , , , , , ,, , , , , , ,, , , , , , ,, , , , , , ,, , , , , , ,, , , , , , ,, , , , , , ,, , , , , , ,, , , , , , ,, , , , , , ,, , , , , , ,, , , , , , ,,,,,,,,,,,,,,,,,,,,,,,,,,,,,,,,,,,
,일일 평균 공급 EC,,mS/cm,,,,,,,,,,,,,,,,,,,,,2.1 ,2.0 ,,,,1.9 ,1.9 ,1.9 ,1.9 ,2.6 ,2.9 ,2.2 ,1.8 ,1.8 ,1.8 ,3.2 ,,2.8 ,2.6 ,,,2.5 ,2.5 ,2.5 ,,,2.7 ,,2.6 ,2.6 ,2.6 ,2.5 ,2.6 ,2.6 ,,2.5 ,2.5 ,2.6 ,2.6 ,2.6 ,,,,2.6 ,2.9 ,2.8 ,2.8 ,2.8 ,3.0 ,,3.0 ,3.0 ,2.9 ,2.9 ,2.9 ,,2.8 ,2.7 ,2.7 ,2.7 ,2.7 ,2.7 ,2.7 ,2.8 ,2.8 ,2.7 ,2.0 ,2.7 ,2.7 ,2.7 ,2.7 ,2.9 ,2.8 ,2.8 ,2.8 ,2.9 ,2.9 ,2.7 ,2.8 ,2.7 ,2.7 ,2.9 ,2.8 ,2.9 ,2.8 ,2.7 ,2.8 ,2.8 ,2.8 ,2.7 ,2.7 ,2.8 ,2.8 ,2.8 ,2.7 ,2.9 ,2.8 ,2.8 ,,2.8 ,3.0 ,2.9 ,2.9 ,2.6 ,,2.7 ,2.9 ,2.9 ,2.8 ,2.8 ,2.8 ,,2.9 ,2.7 ,3.0 ,3.0 ,2.8 ,2.8 ,,2.9 ,2.9 ,2.8 ,2.8 ,2.9 ,3.0 ,,2.9 ,2.9 ,2.9 ,2.9 ,2.9 ,2.8 ,2.9 ,2.9 ,2.8 ,2.7 ,2.9 ,2.9 ,2.7 ,,2.8 ,2.8 ,2.7 ,3.0 ,3.0 ,2.9 ,,2.9 ,,3.1 ,3.1 ,3.1 ,2.9 ,,3.0 ,3.1 ,3.1 ,3.0 ,3.1 ,2.9 ,3.0 ,3.1 ,3.2 ,3.0 ,3.2 ,3.2 ,3.2 ,,3.1 ,3.2 ,3.1 ,3.3 ,3.2 ,3.2 ,3.3 ,3.3 ,3.3 ,3.3 ,3.3 ,3.4 ,3.3 ,3.4 ,3.4 ,3.4 ,3.3 ,3.3 ,3.4 ,3.3 ,3.3 ,3.3 ,2.8 ,2.6 ,2.6 ,#REF!,#REF!,#REF!,#REF!,#REF!,#REF!,#REF!,#REF!,#REF!,#REF!,#REF!,#REF!,#REF!,#REF!,#REF!,#REF!,#REF!,#REF!,2.7 ,2.7 ,2.7 ,2.8 ,2.7 ,2.7 ,2.7 ,2.7 ,2.7 ,2.7 ,2.7 ,2.2 ,2.7 ,2.7 ,2.6 ,2.8 ,2.8 ,2.7 ,2.7 ,2.7 ,,#REF!,#REF!,#REF!,#REF!,#REF!,#REF!,#REF!,#REF!,#REF!,#REF!,#REF!,#REF!,#REF!,#REF!,#REF!,#REF!,#REF!,#REF!,#REF!,#REF!,#REF!,2.6 ,2.5 ,2.6 ,2.8 ,2.7 ,,2.9 ,2.9 ,2.8 ,2.9 ,3.0 ,2.9 ,2.7 ,,2.7 ,2.8 ,3.1 ,3.1 ,2.8 ,2.8 ,2.8 ,2.8 ,2.8 ,2.8 ,2.6 ,2.5 ,2.6 ,2.6 ,#REF!,#REF!,#REF!,#REF!,#REF!,#REF!,#REF!,#REF!,#REF!,#REF!,#REF!,#REF!,#REF!,#REF!,#REF!,#REF!,#REF!,#REF!,#REF!,#REF!,#REF!,#REF!,#REF!,#REF!,#REF!,#REF!,#REF!,#REF!,#REF!,#REF!,#REF!,#REF!,#REF!,#REF!,#REF!,#REF!,#REF!,#REF!,#REF!,#REF!,#REF!,#REF!,#REF!,#REF!,#REF!,#REF!,#REF!,#REF!,#REF!,#REF!,#REF!,#REF!,#REF!,#REF!,#REF!,#REF!,#REF!,#REF!,#REF!,#REF!,#REF!,#REF!,#REF!,#REF!,#REF!,#REF!,#REF!,#REF!,#REF!,#REF!,#REF!,#REF!,#REF!,#REF!,#REF!,#REF!,#REF!,#REF!,#REF!,#REF!,#REF!,#REF!,#REF!,#REF!,#REF!,#REF!,#REF!,#REF!,#REF!,#REF!,#REF!,#REF!,#REF!,#REF!,#REF!,#REF!,#REF!,#REF!,#REF!,#REF!,#REF!,#REF!,#REF!,#REF!,#REF!,#REF!,#REF!,#REF!,#REF!,#REF!,#REF!,#REF!,#REF!,#REF!,#REF!,#REF!,#REF!,#REF!,#REF!,#REF!,#REF!,#REF!,#REF!,#REF!,#REF!,#REF!,#REF!,#REF!,#REF!,#REF!,#REF!,#REF!,#REF!,#REF!,#REF!,#REF!,#REF!,#REF!,#REF!,#REF!,#REF!,#REF!,#REF!,#REF!,#REF!,#REF!,#REF!,#REF!,#REF!,#REF!,#REF!,#REF!,#REF!,#REF!,#REF!,#REF!,#REF!,#REF!,#REF!,#REF!,#REF!,#REF!,#REF!,#REF!,#REF!,#REF!,#REF!,#REF!,#REF!,#REF!,#REF!,#REF!,#REF!,#REF!,#REF!,#REF!,#REF!,#REF!,#REF!,#REF!,#REF!,#REF!,#REF!,#REF!,#REF!,#REF!,#REF!,#REF!,#REF!,#REF!,#REF!,#REF!,#REF!,#REF!,#REF!,#REF!,#REF!,#REF!,#REF!,#REF!,#REF!,#REF!,#REF!,#REF!,#REF!,#REF!,#REF!,#REF!,#REF!,#REF!,#REF!,#REF!,#REF!,#REF!,#REF!,#REF!,#REF!,#REF!,#REF!,#REF!,#REF!,#REF!,#REF!,#REF!,#REF!,#REF!,#REF!,#REF!,#REF!,#REF!,#REF!,,,,,,,,,,,,,,,,,,,,,,,,,,,,,,,,,,,
,일일 평균 공급 pH,,-,,,,,,,,,,,,,,,,,,,,,5.5 ,5.3 ,,,,5.4 ,5.4 ,5.4 ,5.2 ,5.1 ,4.3 ,4.8 ,6.0 ,6.0 ,6.0 ,5.3 ,5.1 ,5.1 ,5.4 ,,,5.4 ,5.4 ,5.4 ,,,5.2 ,,5.2 ,5.2 ,5.3 ,5.2 ,5.2 ,5.2 ,,5.3 ,5.3 ,5.3 ,5.0 ,5.0 ,,,,5.0 ,5.3 ,5.2 ,5.3 ,5.3 ,5.2 ,,5.2 ,5.1 ,5.5 ,5.5 ,5.2 ,,5.7 ,5.6 ,5.7 ,5.6 ,5.6 ,5.6 ,5.5 ,5.6 ,5.6 ,5.5 ,5.6 ,5.5 ,5.7 ,5.7 ,5.5 ,5.6 ,5.6 ,5.5 ,5.6 ,5.7 ,5.7 ,5.5 ,5.7 ,5.7 ,5.6 ,5.5 ,5.5 ,5.5 ,5.6 ,5.5 ,5.6 ,5.5 ,5.5 ,5.7 ,5.6 ,5.5 ,5.5 ,5.6 ,5.5 ,5.5 ,5.6 ,5.6 ,,5.8 ,5.7 ,5.7 ,5.7 ,5.6 ,,5.6 ,5.6 ,5.6 ,5.5 ,5.5 ,5.5 ,,5.5 ,5.5 ,5.5 ,5.6 ,5.6 ,5.6 ,,5.5 ,5.7 ,5.6 ,5.6 ,5.6 ,5.5 ,,5.6 ,5.6 ,5.5 ,5.6 ,5.6 ,5.6 ,5.6 ,5.7 ,5.7 ,5.5 ,5.6 ,5.6 ,5.5 ,,5.3 ,5.3 ,5.3 ,5.5 ,5.8 ,5.7 ,,5.8 ,,5.6 ,5.6 ,5.7 ,5.6 ,,5.8 ,5.8 ,5.8 ,5.7 ,5.7 ,5.7 ,5.6 ,5.8 ,5.7 ,5.7 ,5.6 ,5.6 ,5.6 ,,5.8 ,5.7 ,5.8 ,5.8 ,5.8 ,5.7 ,5.8 ,5.8 ,6.0 ,5.8 ,5.7 ,5.7 ,5.5 ,5.8 ,5.8 ,5.9 ,5.8 ,5.8 ,5.8 ,5.7 ,6.0 ,6.0 ,5.9 ,5.9 ,6.0 ,#REF!,#REF!,#REF!,#REF!,#REF!,#REF!,#REF!,#REF!,#REF!,#REF!,#REF!,#REF!,#REF!,#REF!,#REF!,#REF!,#REF!,#REF!,6.0 ,6.0 ,5.8 ,5.8 ,5.8 ,5.8 ,5.8 ,5.7 ,5.8 ,5.6 ,5.7 ,5.7 ,5.9 ,5.9 ,5.8 ,5.8 ,5.8 ,5.8 ,5.8 ,5.7 ,,#REF!,#REF!,#REF!,#REF!,#REF!,#REF!,#REF!,#REF!,#REF!,#REF!,#REF!,#REF!,#REF!,#REF!,#REF!,#REF!,#REF!,#REF!,#REF!,#REF!,#REF!,5.7 ,5.6 ,5.6 ,5.7 ,5.6 ,,5.5 ,5.6 ,5.6 ,5.7 ,5.7 ,5.7 ,5.5 ,5.5 ,505.0 ,5.7 ,5.6 ,5.6 ,5.6 ,5.5 ,5.6 ,5.6 ,5.5 ,5.5 ,5.5 ,5.6 ,5.6 ,5.6 ,#REF!,#REF!,#REF!,#REF!,#REF!,#REF!,#REF!,#REF!,#REF!,#REF!,#REF!,#REF!,#REF!,#REF!,#REF!,#REF!,#REF!,#REF!,#REF!,#REF!,#REF!,#REF!,#REF!,#REF!,#REF!,#REF!,#REF!,#REF!,#REF!,#REF!,#REF!,#REF!,#REF!,#REF!,#REF!,#REF!,#REF!,#REF!,#REF!,#REF!,#REF!,#REF!,#REF!,#REF!,#REF!,#REF!,#REF!,#REF!,#REF!,#REF!,#REF!,#REF!,#REF!,#REF!,#REF!,#REF!,#REF!,#REF!,#REF!,#REF!,#REF!,#REF!,#REF!,#REF!,#REF!,#REF!,#REF!,#REF!,#REF!,#REF!,#REF!,#REF!,#REF!,#REF!,#REF!,#REF!,#REF!,#REF!,#REF!,#REF!,#REF!,#REF!,#REF!,#REF!,#REF!,#REF!,#REF!,#REF!,#REF!,#REF!,#REF!,#REF!,#REF!,#REF!,#REF!,#REF!,#REF!,#REF!,#REF!,#REF!,#REF!,#REF!,#REF!,#REF!,#REF!,#REF!,#REF!,#REF!,#REF!,#REF!,#REF!,#REF!,#REF!,#REF!,#REF!,#REF!,#REF!,#REF!,#REF!,#REF!,#REF!,#REF!,#REF!,#REF!,#REF!,#REF!,#REF!,#REF!,#REF!,#REF!,#REF!,#REF!,#REF!,#REF!,#REF!,#REF!,#REF!,#REF!,#REF!,#REF!,#REF!,#REF!,#REF!,#REF!,#REF!,#REF!,#REF!,#REF!,#REF!,#REF!,#REF!,#REF!,#REF!,#REF!,#REF!,#REF!,#REF!,#REF!,#REF!,#REF!,#REF!,#REF!,#REF!,#REF!,#REF!,#REF!,#REF!,#REF!,#REF!,#REF!,#REF!,#REF!,#REF!,#REF!,#REF!,#REF!,#REF!,#REF!,#REF!,#REF!,#REF!,#REF!,#REF!,#REF!,#REF!,#REF!,#REF!,#REF!,#REF!,#REF!,#REF!,#REF!,#REF!,#REF!,#REF!,#REF!,#REF!,#REF!,#REF!,#REF!,#REF!,#REF!,#REF!,#REF!,#REF!,#REF!,#REF!,#REF!,#REF!,#REF!,#REF!,#REF!,#REF!,#REF!,#REF!,#REF!,#REF!,#REF!,#REF!,#REF!,#REF!,#REF!,#REF!,#REF!,#REF!,#REF!,#REF!,#REF!,#REF!,#REF!,#REF!,,,,,,,,,,,,,,,,,,,,,,,,,,,,,,,,,,,
,슬라브 EC,,mS/cm,,,,,,,,,,,,,,,,,,,,,,,,,,2.1 ,,,,,,2.3 ,2.4 ,2.4 ,2.5 ,2.4 ,2.0 ,3.6 ,3.1 ,3.0 ,3.0 ,2.9 ,2.8 ,2.7 ,2.6 ,3.0 ,3.2 ,3.6 ,3.8 ,3.6 ,3.6 ,3.4 ,3.4 ,3.3 ,3.5 ,3.6 ,3.7 ,3.9 ,3.7 ,4.2 ,,,,,,,,4.3 ,4.5 ,4.8 ,5.0 ,4.8 ,5.2 ,4.8 ,4.6 ,4.4 ,4.4 ,4.2 ,4.0 ,4.3 ,3.9 ,3.7 ,3.8 ,4.0 ,4.4 ,4.4 ,4.2 ,4.4 ,4.1 ,4.4 ,4.6 ,4.9 ,4.8 ,4.2 ,4.0 ,4.4 ,4.2 ,3.8 ,3.8 ,3.6 ,3.4 ,3.5 ,3.8 ,4.3 ,3.9 ,4.4 ,4.7 ,4.4 ,3.8 ,3.9 ,4.8 ,5.3 ,5.3 ,5.4 ,4.7 ,5.3 ,4.9 ,4.1 ,4.9 ,5.6 ,5.0 ,4.2 ,4.7 ,5.6 ,6.5 ,5.8 ,5.4 ,3.7 ,4.0 ,4.3 ,4.5 ,4.7 ,4.5 ,4.7 ,4.6 ,4.5 ,4.6 ,4.6 ,4.7 ,4.9 ,5.1 ,5.1 ,6.1 ,5.6 ,5.6 ,5.7 ,5.9 ,6.1 ,6.5 ,5.9 ,5.5 ,5.2 ,5.3 ,5.5 ,5.6 ,5.7 ,6.1 ,6.4 ,6.3 ,5.8 ,5.3 ,5.1 ,4.8 ,4.7 ,5.3 ,5.4 ,5.9 ,6.2 ,6.4 ,6.2 ,6.6 ,6.4 ,7.3 ,7.9 ,8.1 ,8.0 ,8.2 ,8.2 ,8.8 ,9.0 ,8.5 ,8.1 ,8.2 ,8.1 ,10.9 ,8.1 ,8.3 ,8.2 ,8.4 ,8.2 ,7.9 ,9.9 ,7.7 ,7.9 ,8.4 ,8.6 ,8.7 ,8.6 ,8.7 ,8.5 ,8.5 ,8.3 ,7.6 ,7.0 ,7.2 ,6.7 ,6.2 ,8.1 ,5.5 ,6.1 ,6.5 ,5.4 ,8.2 ,5.1 ,4.9 ,5.0 ,4.6 ,4.6 ,4.8 ,4.7 ,5.5 ,5.1 ,4.8 ,4.7 ,5.3 ,6.0 ,4.0 ,5.1 ,4.8 ,5.4 ,5.2 ,4.6 ,4.3 ,3.7 ,4.4 ,5.2 ,5.2 ,5.2 ,5.6 ,5.0 ,4.7 ,4.9 ,4.9 ,4.2 ,4.1 ,4.1 ,4.7 ,4.3 ,4.3 ,4.7 ,5.2 ,5.0 ,5.0 ,4.4 ,4.6 ,4.4 ,4.3 ,4.8 ,4.8 ,5.9 ,6.0 ,5.2 ,5.2 ,5.1 ,5.0 ,5.3 ,5.9 ,6.2 ,6.0 ,5.2 ,5.3 ,4.9 ,4.5 ,4.6 ,4.3 ,4.3 ,4.7 ,4.6 ,4.9 ,6.2 ,5.7 ,5.9 ,6.2 ,5.4 ,6.4 ,7.6 ,6.1 ,5.4 ,5.4 ,5.7 ,5.0 ,5.3 ,5.4 ,5.2 ,5.2 ,4.7 ,3.8 ,3.7 ,3.7 ,3.7 ,3.6 ,3.8 ,3.5 ,3.5 ,3.5 ,3.6 ,,,,,,,,,,,,,,,,,,,,,,,,,,,,,,,,,,,,,,,,,,,,,,,,,,,,,,,,,,,,,,,,,,,,,,,,,,,,,,,,,,,,,,,,,,,,,,,,,,,,,,,,,,,,,,,,,,,,,,,,,,,,,,,,,,,,,,,,,,,,,,,,,,,,,,,,,,,,,,,,,,,,,,,,,,,,,,,,,,,,,,,,,,,,,,,,,,,,,,,,,,,,,,,,,,,,,,,,,,,,,,,,,,,,,,,,,,,,,,,,,,,,,,,,,,,,,,,,,,,,,
,슬라브 pH,,,,,,,,,,,,,,,,,,,,,,,,,,,,7.5 ,,,,,,,,,,,,,6.0 ,,,,,,,,,,,5.9 ,,,,,,,,,5.3 ,,,,,,,,,,,,,,5.5 ,,,,,,,,,,,,,,,,,,,,,5.5 ,,,,,,,5.5 ,,,,,,,5.5 ,,,,,,,5.5 ,,,,,,,5.5 ,,,,,,,,,,,,,,5.5 ,,,,,,,5.5 ,,,,,,,5.5 ,, ,,,,,5.5 ,,,,,,,5.5 ,,,,,,,5.5 ,,,,,,,,,,,,,,5.5 ,,,,,,,5.7 ,,,,,,,5.5 ,,,,,,,,,5.5 ,,,,,5.5 ,,,,,,,5.6 ,,,,,,,5.5 ,,,,,,,5.5 ,,,,,,,5.5 ,,,,,,,5.5 ,,,,,,,,,,,,,,,,,,,,,5.5 ,,,,,,,,,,,,,,,,,,,,,,,,,,,,,,,,,,,,,,,,,,,,,,,,,,,,,,,,,,,,,,,,,,,,,,,,,,,,,,,,,,,,,,,,,,,,,,,,,,,,,,,,,,,,,,,,,,,,,,,,,,,,,,,,,,,,,,,,,,,,,,,,,,,,,,,,,,,,,,,,,,,,,,,,,,,,,,,,,,,,,,,,,,,,,,,,,,,,,,,,,,,,,,,,,,,,,,,,,,,,,,,,,,,,,,,,,,,,,,,,,,,,,,,,,,,,,,,,,,,,,,,,,,,,,,,,,,,,,,,,,,,,,,,,,,,,,,,,,,
,배액 EC,,mS/cm,,,,,,,,,,,,,,,,,,,,,3.2 ,2.5 ,-,2.8 ,-,,,2.2 ,1.8 ,2.2 ,2.8 ,-,,,-,,,3.0 ,3.1 ,,,2.9 ,2.7 ,2.6 ,2.7 ,2.7 ,2.9 ,,3.1 ,3.1 ,3.2 ,3.1 ,3.0 ,3.0 ,,3.0 ,3.2 ,3.1 ,3.5 ,3.7 ,,,,3.8 ,3.8 ,3.7 ,3.6 ,3.7 ,3.9 ,,4.3 ,4.4 ,4.4 ,4.2 ,4.0 ,,4.0 ,3.8 ,3.7 ,3.7 ,3.7 ,3.7 ,3.7 ,3.6 ,3.9 ,3.8 ,3.7 ,3.4 ,4.0 ,3.8 ,3.8 ,4.2 ,4.4 ,4.3 ,4.0 ,3.9 ,3.8 ,3.8 ,3.6 ,3.6 ,3.4 ,3.4 ,3.5 ,3.7 ,3.6 ,3.7 ,4.0 ,3.9 ,3.8 ,3.7 ,3.9 ,3.4 ,3.6 ,4.4 ,4.5 ,4.6 ,4.9 ,,,5.0 ,4.7 ,4.6 ,4.6 ,4.7 ,,4.8 ,4.7 ,4.6 ,4.7 ,5.0 ,5.1 ,,5.4 ,,5.4 ,5.8 ,,,,5.0 ,,4.0 ,,,,,,,8.7 ,8.6 ,8.1 ,7.5 ,7.3 ,6.6 ,6.2 ,5.8 ,6.3 ,5.8 ,5.6 ,,5.4 ,5.3 ,5.1 ,5.2 ,5.5 ,5.5 ,,5.8 ,,6.1 ,6.2 ,6.1 ,-,,-,7.5 ,7.6 ,-,-,-,8.6 ,8.7 ,8.8 ,8.7 ,8.8 ,8.7 ,8.7 ,,9.0 ,8.9 ,8.7 ,8.7 ,8.5 ,-,-,-,-,-,-,11.2 ,9.6 ,9.1 ,9.1 ,7.8 ,7.2 ,6.5 ,6.3 ,6.0 ,5.9 ,5.9 ,5.8 ,5.6 ,5.2 ,#REF!,#REF!,#REF!,#REF!,#REF!,#REF!,#REF!,#REF!,#REF!,#REF!,#REF!,#REF!,#REF!,#REF!,#REF!,#REF!,#REF!,#REF!,4.5 ,4.4 ,4.4 ,4.4 ,4.6 ,4.6 ,4.6 ,4.7 ,4.9 ,4.9 ,4.8 ,4.4 ,4.9 ,4.9 ,4.4 ,0.0 ,4.4 ,4.1 ,4.0 ,4.2 ,,#REF!,#REF!,#REF!,#REF!,#REF!,#REF!,#REF!,#REF!,#REF!,#REF!,#REF!,#REF!,#REF!,#REF!,#REF!,#REF!,#REF!,#REF!,#REF!,#REF!,#REF!,#REF!,3.5 ,3.6 ,3.7 ,3.6 ,,3.8 ,4.0 ,4.5 ,4.6 ,4.5 ,4.5 ,5.3 ,5.9 ,5.3 ,4.9 ,5.0 ,5.0 ,4.5 ,4.4 ,4.5 ,4.5 ,4.6 ,4.5 ,4.1 ,3.5 ,3.3 ,3.3 ,#REF!,#REF!,#REF!,#REF!,#REF!,#REF!,#REF!,#REF!,#REF!,#REF!,#REF!,#REF!,#REF!,#REF!,#REF!,#REF!,#REF!,#REF!,#REF!,#REF!,#REF!,#REF!,#REF!,#REF!,#REF!,#REF!,#REF!,#REF!,#REF!,#REF!,#REF!,#REF!,#REF!,#REF!,#REF!,#REF!,#REF!,#REF!,#REF!,#REF!,#REF!,#REF!,#REF!,#REF!,#REF!,#REF!,#REF!,#REF!,#REF!,#REF!,#REF!,#REF!,#REF!,#REF!,#REF!,#REF!,#REF!,#REF!,#REF!,#REF!,#REF!,#REF!,#REF!,#REF!,#REF!,#REF!,#REF!,#REF!,#REF!,#REF!,#REF!,#REF!,#REF!,#REF!,#REF!,#REF!,#REF!,#REF!,#REF!,#REF!,#REF!,#REF!,#REF!,#REF!,#REF!,#REF!,#REF!,#REF!,#REF!,#REF!,#REF!,#REF!,#REF!,#REF!,#REF!,#REF!,#REF!,#REF!,#REF!,#REF!,#REF!,#REF!,#REF!,#REF!,#REF!,#REF!,#REF!,#REF!,#REF!,#REF!,#REF!,#REF!,#REF!,#REF!,#REF!,#REF!,#REF!,#REF!,#REF!,#REF!,#REF!,#REF!,#REF!,#REF!,#REF!,#REF!,#REF!,#REF!,#REF!,#REF!,#REF!,#REF!,#REF!,#REF!,#REF!,#REF!,#REF!,#REF!,#REF!,#REF!,#REF!,#REF!,#REF!,#REF!,#REF!,#REF!,#REF!,#REF!,#REF!,#REF!,#REF!,#REF!,#REF!,#REF!,#REF!,#REF!,#REF!,#REF!,#REF!,#REF!,#REF!,#REF!,#REF!,#REF!,#REF!,#REF!,#REF!,#REF!,#REF!,#REF!,#REF!,#REF!,#REF!,#REF!,#REF!,#REF!,#REF!,#REF!,#REF!,#REF!,#REF!,#REF!,#REF!,#REF!,#REF!,#REF!,#REF!,#REF!,#REF!,#REF!,#REF!,#REF!,#REF!,#REF!,#REF!,#REF!,#REF!,#REF!,#REF!,#REF!,#REF!,#REF!,#REF!,#REF!,#REF!,#REF!,#REF!,#REF!,#REF!,#REF!,#REF!,#REF!,#REF!,#REF!,#REF!,#REF!,#REF!,#REF!,#REF!,#REF!,#REF!,#REF!,#REF!,#REF!,#REF!,#REF!,#REF!,#REF!,#REF!,#REF!,#REF!,,,,,,,,,,,,,,,,,,,,,,,,,,,,,,,,,,,
,배액 pH,,-,,,,,,,,,,,,,,,,,,,,,6.5 ,6.0 ,-,7.0 ,6.2 ,,,6.7 ,6.7 ,5.7 ,5.5 ,-,,,-,,,5.6 ,6.4 ,,,6.0 ,6.0 ,6.0 ,5.7 ,5.6 ,5.7 ,,5.7 ,5.8 ,5.7 ,5.8 ,5.7 ,5.7 ,,5.5 ,5.3 ,5.4 ,6.0 ,5.0 ,,,,6.0 ,5.3 ,5.0 ,5.0 ,5.3 ,5.3 ,,5.0 ,5.0 ,5.0 ,5.0 ,5.0 ,,5.0 ,5.2 ,5.5 ,5.5 ,5.5 ,5.5 ,5.5 ,5.5 ,5.5 ,5.5 ,5.7 ,5.5 ,5.5 ,5.7 ,5.5 ,5.5 ,5.5 ,5.5 ,5.3 ,5.5 ,5.1 ,5.5 ,5.5 ,5.5 ,5.5 ,5.5 ,5.5 ,5.5 ,5.5 ,5.5 ,5.5 ,5.5 ,5.5 ,5.5 ,5.3 ,5.5 ,5.5 ,5.5 ,5.5 ,5.5 ,5.5 ,,,5.3 ,5.5 ,5.5 ,5.5 ,5.5 ,,5.3 ,5.3 ,5.4 ,5.5 ,5.5 ,5.5 ,,5.2 ,5.2 ,5.5 ,5.5 ,,,,,,5.3 ,5.5 ,,,,,,5.5 ,5.5 ,5.5 ,5.5 ,5.2 ,5.2 ,5.2 ,5.5 ,5.5 ,5.3 ,,,5.2 ,5.2 ,5.2 ,5.2 ,5.2 ,5.3 ,,5.2 ,,5.5 ,5.5 ,5.6 ,-,,-,5.7 ,5.7 ,-,-,-,5.5 ,5.5 ,5.7 ,5.5 ,5.5 ,5.6 ,5.6 ,,5.5 ,5.6 ,5.6 ,5.5 ,5.6 ,-,-,-,-,-,-,5.5 ,5.3 ,5.3 ,5.3 ,5.5 ,5.6 ,5.8 ,5.7 ,5.5 ,5.7 ,5.7 ,5.7 ,5.7 ,5.7 ,#REF!,#REF!,#REF!,#REF!,#REF!,#REF!,#REF!,#REF!,#REF!,#REF!,#REF!,#REF!,#REF!,#REF!,#REF!,#REF!,#REF!,#REF!,5.9 ,5.8 ,5.6 ,5.5 ,5.6 ,5.6 ,5.6 ,5.6 ,5.7 ,5.8 ,5.7 ,5.8 ,5.7 ,5.7 ,5.7 ,0.0 ,5.9 ,5.7 ,5.7 ,5.8 ,,#REF!,#REF!,#REF!,#REF!,#REF!,#REF!,#REF!,#REF!,#REF!,#REF!,#REF!,#REF!,#REF!,#REF!,#REF!,#REF!,#REF!,#REF!,#REF!,#REF!,#REF!,#REF!,5.5 ,5.6 ,5.6 ,5.4 ,,5.3 ,5.3 ,5.1 ,5.5 ,5.5 ,5.5 ,5.7 ,5.4 ,5.7 ,5.4 ,5.3 ,5.3 ,5.5 ,5.3 ,5.5 ,5.5 ,5.4 ,5.5 ,5.4 ,5.5 ,5.5 ,5.5 ,#REF!,#REF!,#REF!,#REF!,#REF!,#REF!,#REF!,#REF!,#REF!,#REF!,#REF!,#REF!,#REF!,#REF!,#REF!,#REF!,#REF!,#REF!,#REF!,#REF!,#REF!,#REF!,#REF!,#REF!,#REF!,#REF!,#REF!,#REF!,#REF!,#REF!,#REF!,#REF!,#REF!,#REF!,#REF!,#REF!,#REF!,#REF!,#REF!,#REF!,#REF!,#REF!,#REF!,#REF!,#REF!,#REF!,#REF!,#REF!,#REF!,#REF!,#REF!,#REF!,#REF!,#REF!,#REF!,#REF!,#REF!,#REF!,#REF!,#REF!,#REF!,#REF!,#REF!,#REF!,#REF!,#REF!,#REF!,#REF!,#REF!,#REF!,#REF!,#REF!,#REF!,#REF!,#REF!,#REF!,#REF!,#REF!,#REF!,#REF!,#REF!,#REF!,#REF!,#REF!,#REF!,#REF!,#REF!,#REF!,#REF!,#REF!,#REF!,#REF!,#REF!,#REF!,#REF!,#REF!,#REF!,#REF!,#REF!,#REF!,#REF!,#REF!,#REF!,#REF!,#REF!,#REF!,#REF!,#REF!,#REF!,#REF!,#REF!,#REF!,#REF!,#REF!,#REF!,#REF!,#REF!,#REF!,#REF!,#REF!,#REF!,#REF!,#REF!,#REF!,#REF!,#REF!,#REF!,#REF!,#REF!,#REF!,#REF!,#REF!,#REF!,#REF!,#REF!,#REF!,#REF!,#REF!,#REF!,#REF!,#REF!,#REF!,#REF!,#REF!,#REF!,#REF!,#REF!,#REF!,#REF!,#REF!,#REF!,#REF!,#REF!,#REF!,#REF!,#REF!,#REF!,#REF!,#REF!,#REF!,#REF!,#REF!,#REF!,#REF!,#REF!,#REF!,#REF!,#REF!,#REF!,#REF!,#REF!,#REF!,#REF!,#REF!,#REF!,#REF!,#REF!,#REF!,#REF!,#REF!,#REF!,#REF!,#REF!,#REF!,#REF!,#REF!,#REF!,#REF!,#REF!,#REF!,#REF!,#REF!,#REF!,#REF!,#REF!,#REF!,#REF!,#REF!,#REF!,#REF!,#REF!,#REF!,#REF!,#REF!,#REF!,#REF!,#REF!,#REF!,#REF!,#REF!,#REF!,#REF!,#REF!,#REF!,#REF!,#REF!,#REF!,#REF!,#REF!,#REF!,#REF!,#REF!,#REF!,#REF!,#REF!,#REF!,#REF!,#REF!,#REF!,#REF!,#REF!,,,,,,,,,,,,,,,,,,,,,,,,,,,,,,,,,,,
수확량,총 수확량,,kg/m2,,,,,,,,,,,,,,,,,,,,,,,,,,,,,,,,,,,,,,,,,,,,,,,,,,,,,,,,,,,,,,,,,,,13.00 ,,,,92.60 ,,79.50 ,75.60 ,,,,90.30 ,,,129.80 ,,,,151.60 ,,,148.80 ,,,,25.10 ,,,7.40 ,,,,68.90 ,,8.70 ,110.70 ,,,,168.90 ,,60.20 ,10.20 ,7.70 ,,,115.70 ,26.10 ,,59.40 ,,,,,135.00 ,,40.00 ,,,,124.00 ,,6.70 ,138.00 ,2.20 ,,,149.00 ,,,99.50 ,,,,179.90 ,,3.70 ,111.00 ,,,,227.00 ,,,,,,121.40 ,27.10 ,1.70 ,,178.50 ,7.00 ,,,183.20 ,,,132.10 ,,,,271.10 ,,,,188.20 ,,121.40 ,,,,184.20 ,,,,250.40 ,,,134.40 ,,,,171.50 ,,,141.10 ,,,,172.20 ,,,,79.60 ,122.40 ,,120.70 ,,,,169.90 ,,,155.10 ,,,179.20 ,,,,223.00 ,,,135.10 ,,,,163.20 ,,46.80 ,109.00 ,,,,166.50 ,,,148.50 ,,,,142.10 ,,20.40 ,69.90 ,5.70 ,,,135.40 ,6.70 ,13.70 ,92.60 ,,,9.70 ,,,156.70 ,,,,,157.50 ,,6.00 ,147.00 ,,,,158.80 ,,,127.00 ,,,,205.80 ,1.50 ,,204.20 ,,,,258.60 ,,,257.50 ,,,,253.80 ,,,210.80 ,,,,,,,,,,,,,,,,,,,,,,,,,,,,,,,,,,,,,,,,,,,,,,,,,,,,,,,,,,,,,,,,,,,,,,,,,,,,,,,,,,,,,,,,,,,,,,,,,,,,,,,,,,,,,,,,,,,,,,,,,,,,,,,,,,,,,,,,,,,,,,,,,,,,,,,,,,,,,,,,,,,,,,,,,,,,,,,,,,,,,,,,,,,,,,,,,,,,,,,,,,,,,,,,,,,,,,,,,,,,,,,,,,,,,,,,,,,,,,,,,,,,,,,,,,,,,,,,,,,,,,,,,,,,,,,,,,,,
,평균 과중,,g,,,,,,,,,,,,,,,,,,,,,,,,,,,,,,,,,,,,,,,,,,,,,,,,,,,,,,,,,,,,,,,,,,,,,,,,,,,,,,,,,,,,,,,,,,,,,,,,,,,,,,,,,,,,,,,,,,,, 17 ,,,,,,,,,,,,,,,,,, 18 ,,, 17 ,,,, 19 ,,, 17 ,,,, 18.6 ,,,,,, 17.6 , 14.4 ,,, 17.2 ,,,, 16.3 ,,, 17.5 ,,,, 18.0 ,,,, 21.3 ,, 16.4 ,,,, 14.9 ,,,, 14.9 ,,, 15.7 ,,,, 15.0 ,,, 14.9 ,,,, 17.1 ,,,, 14.8 , 14.4 ,, 14.7 ,,,, 12.7 ,,, 14.1 ,,, 12.7 ,,,, 12.8 ,,,,,,, 14.7 ,, 14.1 , 13.8 ,,,, 16.2 ,,, 14.5 ,,,, 16.1 ,, 16.1 , 12.3 , 12.3 ,,, 12.3 ,,, 14.1 ,,,,,,,,,,, 15.9 ,,, 13.6 ,,,, 14.7 ,,, 14.1 ,,,, 16.3 ,,, 16.7 ,,,, 19.3 ,,, 16.7 ,,,, 19.5 ,,, 18.3 ,,,,,,,,,,,,,,,,,,,,,,,,,,,,,,,,,,,,,,,,,,,,,,,,,,,,,,,,,,,,,,,,,,,,,,,,,,,,,,,,,,,,,,,,,,,,,,,,,,,,,,,,,,,,,,,,,,,,,,,,,,,,,,,,,,,,,,,,,,,,,,,,,,,,,,,,,,,,,,,,,,,,,,,,,,,,,,,,,,,,,,,,,,,,,,,,,,,,,,,,,,,,,,,,,,,,,,,,,,,,,,,,,,,,,,,,,,,,,,,,,,,,,,,,,,,,,,,,,,,,,,,,,,,,,,,,,,,,
,Waste,,kg/m2,,,,,,,,,,,,,,,,,,,,,,,,,,,,,,,,,,,,,,,,,,,,,,,,,,,,,,,,,,,,,,,,,,,,,,,,,,4.00 ,,,,3.00 ,,,,,,,,,,,,,,,,,,,,,,,4.00 ,0.30 ,,,,,,,,,,,1.70 ,,,,,,,,,,,,,,,,,,,,,,,,,,,,1.80 ,,,4.70 ,,,,0.80 ,,,,,,,9.00 ,,,,,,,,,,,,,,1.60 ,,,,0.10 ,,,,,,0.40 ,,,,0.40 ,,,0.26 ,,,,0.82 ,,,0.65 ,,,,4.20 ,,,,,,,0.70 ,,,,0.30 ,,,,,,0.30 ,,,,0.50 ,,,0.30 ,,,,0.73 ,,,0.77 ,,,,1.00 ,,,0.32 ,,,,0.35 ,,,,,,,2.10 ,,,,,,,,,,,,,,,,,,,,,,,,,,,,,,,,,,,,,,0.58 ,,,,3.00 ,,,,,,,,,,,,,,,,,,,,,,,,,,,,,,,,,,,,,,,,,,,,,,,,,,,,,,,,,,,,,,,,,,,,,,,,,,,,,,,,,,,,,,,,,,,,,,,,,,,,,,,,,,,,,,,,,,,,,,,,,,,,,,,,,,,,,,,,,,,,,,,,,,,,,,,,,,,,,,,,,,,,,,,,,,,,,,,,,,,,,,,,,,,,,,,,,,,,,,,,,,,,,,,,,,,,,,,,,,,,,,,,,,,,,,,,,,,,,,,,,,,,,,,,,,,,,,,,,,,,,,,,,,,,,,,,,,,,,,,
천문,일 출 시 간,,H:MM,,,,,,,,,,,,,,,,,,,,,,,,,,,,,,,,,,,,,,,,,,,,,,,,,,,,,,,,,,,,,,,,,,,,,,,,,,,,,,,,,,,,,,,,,,,,,,,,,,,,,,,,,,,,,,,,,,,,,,,,,,,,,,,,,,,,,,,,,,,,,,,,,,,,,,,,,,,,,,,,,,,,,,,,,,,,,,,,7:13,7:14,7:15,7:16,7:17,7:17,7:18,7:19,7:20,7:21,7:21,7:22,7:23,7:23,7:24,7:25,7:25,7:26,7:27,7:27,7:28,7:28,7:29,7:29,7:30,7:30,7:30,7:30,7:31,7:31,7:31,7:32,7:32,7:32,7:32,7:32,7:32,7:32,7:32,7:32,7:32,7:32,7:32,7:32,7:32,7:31,7:31,7:31,7:30,7:30,7:30,7:29,7:29,7:28,7:28,7:27,7:27,7:26,7:25,7:25,7:24,7:23,7:23,7:22,7:21,7:20,7:20,7:19,7:18,7:17,7:16,7:15,7:14,7:13,7:12,7:11,7:10,7:09,7:08,7:07,7:06,7:04,7:03,7:02,7:01,7:00,6:58,6:57,6:56,6:55,6:53,6:52,6:51,6:50,6:48,6:47,6:46,6:44,6:43,6:41,6:40,6:39,6:37,6:36,6:35,6:33,6:32,6:30,6:29,6:28,6:26,6:25,6:23,6:22,6:21,6:19,6:18,6:16,6:15,6:14,6:12,6:11,6:09,6:08,6:07,6:05,6:04,6:02,6:01,6:00,5:58,5:57,5:56,5:54,5:53,5:52,5:50,5:49,5:48,5:47,5:45,5:44,5:43,5:42,5:41,5:39,5:38,5:37,5:36,5:35,5:34,5:33,5:32,5:31,5:30,5:29,5:28,5:27,5:26,5:25,5:24,5:23,5:22,5:21,5:20,5:20,5:19,5:18,5:17,5:17,5:16,5:15,5:15,5:14,5:14,5:13,5:13,5:12,5:12,5:11,5:11,5:11,5:10,5:10,5:10,5:09,5:09,5:09,5:09,5:09,5:08,5:08,5:08,5:08,5:08,5:08,5:08,5:08,5:08,5:09,5:09,5:09,5:09,5:09,5:10,5:10,5:10,5:10,5:11,5:11,5:11,5:12,5:12,5:13,5:13,5:14,5:14,5:15,5:15,5:16,5:16,5:17,5:17,5:18,5:19,5:19,5:20,5:21,5:21,5:22,5:23,5:23,5:24,5:25,5:25,5:26,5:27,5:28,5:28,5:29,5:30,5:30,5:31,5:32,5:33,5:33,5:34,5:35,5:36,5:37,5:37,5:38,5:39,5:40,5:40,5:41,5:42,5:43,5:43,5:44,5:45,5:46,5:46,5:47,5:48,5:49,5:50,5:50,5:51,5:52,5:52,5:53,5:54,5:55,5:55,5:56,5:57,5:58,5:58,5:59,6:00,6:01,6:01,6:02,6:03,6:04,6:04,6:05,6:06,6:06,6:07,6:08,6:09,6:09,6:10,6:11,6:12,6:12,6:13,6:14,6:15,6:15,6:16,6:17,6:18,6:18,6:19,6:20,6:21,6:22,6:22,6:23,6:24,6:25,6:26,6:26,6:27,6:28,6:29,6:30,6:31,6:31,6:32,6:33,6:34,6:35,6:36,6:37,6:38,6:39,6:39,6:40,6:41,6:42,6:43,6:44,6:45,6:46,6:47,6:48,6:49,6:50,6:51,6:52,6:53,6:54,6:55,6:56,6:57,6:58,6:59,7:00,7:01,7:02,7:02,7:03,7:04,7:05,7:06,7:07,7:08,7:09,7:10,7:11,7:12,,,,,,,,,,,,,,,,,,,,,,,,,,,
,일 몰 시 간,,H:MM,,,,,,,,,,,,,,,,,,,,,,,,,,,,,,,,,,,,,,,,,,,,,,,,,,,,,,,,,,,,,,,,,,,,,,,,,,,,,,,,,,,,,,,,,,,,,,,,,,,,,,,,,,,,,,,,,,,,,,,,,,,,,,,,,,,,,,,,,,,,,,,,,,,,,,,,,,,,,,,,,,,,,,,,,,,,,,,,17:11,17:11,17:11,17:11,17:11,17:11,17:11,17:11,17:11,17:11,17:11,17:12,17:12,17:12,17:12,17:13,17:13,17:13,17:14,17:14,17:15,17:15,17:16,17:16,17:17,17:18,17:18,17:19,17:20,17:20,17:21,17:22,17:23,17:23,17:24,17:25,17:26,17:27,17:28,17:28,17:29,17:30,17:31,17:32,17:33,17:34,17:35,17:36,17:37,17:38,17:39,17:40,17:41,17:42,17:43,17:44,17:45,17:46,17:47,17:48,17:49,17:50,17:51,17:52,17:53,17:54,17:55,17:56,17:57,17:58,17:59,18:00,18:01,18:02,18:03,18:04,18:05,18:06,18:07,18:08,18:09,18:10,18:11,18:12,18:13,18:14,18:15,18:16,18:17,18:17,18:18,18:19,18:20,18:21,18:22,18:23,18:24,18:24,18:25,18:26,18:27,18:28,18:29,18:30,18:30,18:31,18:32,18:33,18:34,18:35,18:35,18:36,18:37,18:38,18:39,18:39,18:40,18:41,18:42,18:43,18:43,18:44,18:45,18:46,18:47,18:47,18:48,18:49,18:50,18:51,18:51,18:52,18:53,18:54,18:55,18:56,18:56,18:57,18:58,18:59,19:00,19:00,19:01,19:02,19:03,19:04,19:05,19:05,19:06,19:07,19:08,19:09,19:09,19:10,19:11,19:12,19:13,19:14,19:14,19:15,19:16,19:17,19:18,19:18,19:19,19:20,19:21,19:22,19:22,19:23,19:24,19:25,19:25,19:26,19:27,19:27,19:28,19:29,19:30,19:30,19:31,19:32,19:32,19:33,19:33,19:34,19:35,19:35,19:36,19:36,19:37,19:37,19:38,19:38,19:38,19:39,19:39,19:39,19:40,19:40,19:40,19:41,19:41,19:41,19:41,19:41,19:42,19:42,19:42,19:42,19:42,19:42,19:42,19:42,19:42,19:41,19:41,19:41,19:41,19:41,19:40,19:40,19:40,19:39,19:39,19:39,19:38,19:38,19:37,19:37,19:36,19:36,19:35,19:34,19:34,19:33,19:32,19:32,19:31,19:30,19:29,19:29,19:28,19:27,19:26,19:25,19:24,19:23,19:22,19:21,19:20,19:19,19:18,19:17,19:16,19:15,19:14,19:12,19:11,19:10,19:09,19:08,19:06,19:05,19:04,19:03,19:01,19:00,18:59,18:57,18:56,18:55,18:53,18:52,18:51,18:49,18:48,18:47,18:45,18:44,18:42,18:41,18:40,18:38,18:37,18:35,18:34,18:32,18:31,18:29,18:28,18:27,18:25,18:24,18:22,18:21,18:19,18:18,18:16,18:15,18:14,18:12,18:11,18:09,18:08,18:06,18:05,18:04,18:02,18:01,17:59,17:58,17:57,17:55,17:54,17:53,17:51,17:50,17:49,17:47,17:46,17:45,17:44,17:43,17:41,17:40,17:39,17:38,17:37,17:35,17:34,17:33,17:32,17:31,17:30,17:29,17:28,17:27,17:26,17:25,17:24,17:24,17:23,17:22,17:21,17:20,17:20,17:19,17:18,17:18,17:17,17:16,17:16,17:15,17:15,17:14,17:14,17:13,17:13,17:13,17:12,17:12,17:12,17:12,17:11,,,,,,,,,,,,,,,,,,,,,,,,,,,